NC_001224.1	NC_001224.1_RagTag	0.0	7594	4112	4652	83
NC_001224.1	NC_001224.1_RagTag	0.0	7062	3824	4109	83
NC_001224.1	NC_001224.1_RagTag	0.0	6728	3643	4131	83
NC_001224.1	NC_001224.1_RagTag	0.0	5973	3234	3415	83
NC_001224.1	NC_001224.1_RagTag	0.0	5943	3218	3274	83
NC_001224.1	NC_001224.1_RagTag	0.0	5120	2772	2977	83
NC_001224.1	NC_001224.1_RagTag	0.0	4944	2677	3115	83
NC_001224.1	NC_001224.1_RagTag	0.0	4645	2515	2633	83
NC_001224.1	NC_001224.1_RagTag	0.0	4599	2490	2577	83
NC_001224.1	NC_001224.1_RagTag	0.0	4314	2336	2530	83
NC_001224.1	NC_001224.1_RagTag	0.0	4122	2232	2262	83
NC_001224.1	NC_001224.1_RagTag	0.0	3851	2085	2185	83
NC_001224.1	NC_001224.1_RagTag	0.0	3517	1904	2045	83
NC_001224.1	NC_001224.1_RagTag	0.0	3240	1754	1832	83
NC_001224.1	NC_001224.1_RagTag	0.0	3025	1638	1678	83
NC_001224.1	NC_001224.1_RagTag	0.0	3020	1635	1635	83
NC_001224.1	NC_001224.1_RagTag	0.0	2987	1617	1834	83
NC_001224.1	NC_001224.1_RagTag	0.0	2671	1446	1679	83
NC_001224.1	NC_001224.1_RagTag	0.0	2470	1337	1524	83
NC_001224.1	NC_001224.1_RagTag	0.0	2076	1124	1289	83
NC_001224.1	NC_001224.1_RagTag	0.0	1958	1060	1401	83
NC_001224.1	NC_001224.1_RagTag	0.0	1596	864	956	83
NC_001224.1	NC_001224.1_RagTag	0.0	1533	830	1189	83
NC_001224.1	NC_001224.1_RagTag	0.0	1448	784	923	83
NC_001224.1	NC_001224.1_RagTag	0.0	1408	762	809	83
NC_001224.1	NC_001224.1_RagTag	0.0	1389	752	816	83
NC_001224.1	NC_001224.1_RagTag	0.0	1356	734	744	83
NC_001224.1	NC_001224.1_RagTag	0.0	1345	728	821	83
NC_001224.1	NC_001224.1_RagTag	0.0	1327	718	739	83
NC_001224.1	NC_001224.1_RagTag	0.0	1319	714	795	83
NC_001224.1	NC_001224.1_RagTag	0.0	1279	692	716	83
NC_001224.1	NC_001224.1_RagTag	0.0	1083	586	592	83
NC_001224.1	NC_001224.1_RagTag	0.0	1020	552	574	83
NC_001224.1	NC_001224.1_RagTag	0.0	979	530	622	83
NC_001224.1	NC_001224.1_RagTag	0.0	782	423	794	83
NC_001224.1	NC_001224.1_RagTag	0.0	715	387	456	83
NC_001224.1	NC_001224.1_RagTag	0.0	676	366	506	83
NC_001224.1	NC_001224.1_RagTag	4.52e-178	628	340	477	83
NC_001224.1	NC_001224.1_RagTag	2.13e-166	590	319	450	83
NC_001224.1	NC_001224.1_RagTag	4.64e-158	562	304	329	83
NC_001224.1	NC_001224.1_RagTag	2.19e-146	523	283	499	83
NC_001224.1	NC_001224.1_RagTag	2.84e-145	520	281	737	83
NC_001224.1	NC_001224.1_RagTag	2.21e-141	507	274	827	83
NC_001224.1	NC_001224.1_RagTag	7.94e-141	505	273	286	83
NC_001224.1	NC_001224.1_RagTag	2.92e-125	453	245	713	83
NC_001224.1	NC_001224.1_RagTag	4.88e-123	446	241	304	83
NC_001224.1	NC_001224.1_RagTag	2.96e-115	420	227	392	83
NC_001224.1	NC_001224.1_RagTag	3.83e-114	416	225	252	83
NC_001224.1	NC_001224.1_RagTag	1.38e-113	414	224	398	83
NC_001224.1	NC_001224.1_RagTag	8.28e-111	405	219	254	83
NC_001224.1	NC_001224.1_RagTag	8.28e-111	405	219	616	83
NC_001224.1	NC_001224.1_RagTag	1.79e-107	394	213	432	83
NC_001224.1	NC_001224.1_RagTag	5.02e-103	379	205	547	83
NC_001224.1	NC_001224.1_RagTag	3.02e-100	370	200	544	83
NC_001224.1	NC_001224.1_RagTag	5.06e-98	363	196	669	83
NC_001224.1	NC_001224.1_RagTag	2.35e-96	357	193	228	83
NC_001224.1	NC_001224.1_RagTag	1.09e-94	351	190	277	83
NC_001224.1	NC_001224.1_RagTag	2.37e-91	340	184	464	83
NC_001224.1	NC_001224.1_RagTag	3.06e-90	337	182	629	83
NC_001224.1	NC_001224.1_RagTag	3.96e-89	333	180	578	83
NC_001224.1	NC_001224.1_RagTag	5.13e-88	329	178	530	83
NC_001224.1	NC_001224.1_RagTag	2.39e-86	324	175	661	83
NC_001224.1	NC_001224.1_RagTag	3.13e-75	287	155	155	83
NC_001224.1	NC_001224.1_RagTag	1.46e-73	281	152	486	83
NC_001224.1	NC_001224.1_RagTag	5.24e-73	279	151	558	83
NC_001224.1	NC_001224.1_RagTag	1.88e-72	278	150	284	83
NC_001224.1	NC_001224.1_RagTag	1.90e-67	261	141	283	83
NC_001224.1	NC_001224.1_RagTag	6.82e-67	259	140	199	83
NC_001224.1	NC_001224.1_RagTag	1.14e-64	252	136	319	83
NC_001224.1	NC_001224.1_RagTag	6.87e-62	243	131	213	83
NC_001224.1	NC_001224.1_RagTag	2.47e-61	241	130	236	83
NC_001224.1	NC_001224.1_RagTag	4.14e-59	233	126	133	83
NC_001224.1	NC_001224.1_RagTag	6.92e-57	226	122	143	83
NC_001224.1	NC_001224.1_RagTag	1.16e-54	219	118	328	83
NC_001224.1	NC_001224.1_RagTag	4.17e-54	217	117	200	83
NC_001224.1	NC_001224.1_RagTag	1.50e-53	215	116	325	83
NC_001224.1	NC_001224.1_RagTag	5.39e-53	213	115	436	83
NC_001224.1	NC_001224.1_RagTag	6.97e-52	209	113	290	83
NC_001224.1	NC_001224.1_RagTag	1.17e-49	202	109	254	83
NC_001224.1	NC_001224.1_RagTag	1.17e-49	202	109	425	83
NC_001224.1	NC_001224.1_RagTag	4.20e-49	200	108	353	83
NC_001224.1	NC_001224.1_RagTag	4.20e-49	200	108	353	83
NC_001224.1	NC_001224.1_RagTag	1.51e-48	198	107	290	83
NC_001224.1	NC_001224.1_RagTag	5.43e-48	196	106	524	83
NC_001224.1	NC_001224.1_RagTag	5.43e-48	196	106	524	83
NC_001224.1	NC_001224.1_RagTag	1.95e-47	195	105	366	83
NC_001224.1	NC_001224.1_RagTag	7.02e-47	193	104	195	83
NC_001224.1	NC_001224.1_RagTag	7.02e-47	193	104	368	83
NC_001224.1	NC_001224.1_RagTag	7.02e-47	193	104	438	83
NC_001224.1	NC_001224.1_RagTag	1.17e-44	185	100	491	83
NC_001224.1	NC_001224.1_RagTag	4.23e-44	183	99	549	83
NC_001224.1	NC_001224.1_RagTag	1.52e-43	182	98	222	83
NC_001224.1	NC_001224.1_RagTag	1.52e-43	182	98	225	83
NC_001224.1	NC_001224.1_RagTag	1.52e-43	182	98	444	83
NC_001224.1	NC_001224.1_RagTag	1.52e-43	182	98	516	83
NC_001224.1	NC_001224.1_RagTag	1.52e-43	182	98	177	83
NC_001224.1	NC_001224.1_RagTag	1.52e-43	182	98	462	83
NC_001224.1	NC_001224.1_RagTag	5.47e-43	180	97	389	83
NC_001224.1	NC_001224.1_RagTag	1.97e-42	178	96	199	83
NC_001224.1	NC_001224.1_RagTag	1.97e-42	178	96	675	83
NC_001224.1	NC_001224.1_RagTag	1.97e-42	178	96	549	83
NC_001224.1	NC_001224.1_RagTag	1.97e-42	178	96	455	83
NC_001224.1	NC_001224.1_RagTag	1.97e-42	178	96	170	83
NC_001224.1	NC_001224.1_RagTag	7.07e-42	176	95	459	83
NC_001224.1	NC_001224.1_RagTag	7.07e-42	176	95	222	83
NC_001224.1	NC_001224.1_RagTag	7.07e-42	176	95	300	83
NC_001224.1	NC_001224.1_RagTag	7.07e-42	176	95	504	83
NC_001224.1	NC_001224.1_RagTag	2.54e-41	174	94	134	83
NC_001224.1	NC_001224.1_RagTag	2.54e-41	174	94	398	83
NC_001224.1	NC_001224.1_RagTag	9.15e-41	172	93	399	83
NC_001224.1	NC_001224.1_RagTag	9.15e-41	172	93	386	83
NC_001224.1	NC_001224.1_RagTag	9.15e-41	172	93	458	83
NC_001224.1	NC_001224.1_RagTag	9.15e-41	172	93	629	83
NC_001224.1	NC_001224.1_RagTag	3.29e-40	171	92	214	83
NC_001224.1	NC_001224.1_RagTag	3.29e-40	171	92	222	83
NC_001224.1	NC_001224.1_RagTag	3.29e-40	171	92	428	83
NC_001224.1	NC_001224.1_RagTag	3.29e-40	171	92	373	83
NC_001224.1	NC_001224.1_RagTag	3.29e-40	171	92	333	83
NC_001224.1	NC_001224.1_RagTag	3.29e-40	171	92	221	83
NC_001224.1	NC_001224.1_RagTag	1.18e-39	169	91	283	83
NC_001224.1	NC_001224.1_RagTag	1.18e-39	169	91	237	83
NC_001224.1	NC_001224.1_RagTag	1.18e-39	169	91	476	83
NC_001224.1	NC_001224.1_RagTag	1.18e-39	169	91	1247	83
NC_001224.1	NC_001224.1_RagTag	1.18e-39	169	91	237	83
NC_001224.1	NC_001224.1_RagTag	4.26e-39	167	90	430	83
NC_001224.1	NC_001224.1_RagTag	4.26e-39	167	90	345	83
NC_001224.1	NC_001224.1_RagTag	4.26e-39	167	90	446	83
NC_001224.1	NC_001224.1_RagTag	4.26e-39	167	90	598	83
NC_001224.1	NC_001224.1_RagTag	4.26e-39	167	90	458	83
NC_001224.1	NC_001224.1_RagTag	4.26e-39	167	90	287	83
NC_001224.1	NC_001224.1_RagTag	4.26e-39	167	90	462	83
NC_001224.1	NC_001224.1_RagTag	1.53e-38	165	89	224	83
NC_001224.1	NC_001224.1_RagTag	1.53e-38	165	89	463	83
NC_001224.1	NC_001224.1_RagTag	1.53e-38	165	89	359	83
NC_001224.1	NC_001224.1_RagTag	1.53e-38	165	89	495	83
NC_001224.1	NC_001224.1_RagTag	1.53e-38	165	89	442	83
NC_001224.1	NC_001224.1_RagTag	1.53e-38	165	89	355	83
NC_001224.1	NC_001224.1_RagTag	1.53e-38	165	89	218	83
NC_001224.1	NC_001224.1_RagTag	1.53e-38	165	89	328	83
NC_001224.1	NC_001224.1_RagTag	5.50e-38	163	88	258	83
NC_001224.1	NC_001224.1_RagTag	5.50e-38	163	88	176	83
NC_001224.1	NC_001224.1_RagTag	5.50e-38	163	88	416	83
NC_001224.1	NC_001224.1_RagTag	5.50e-38	163	88	493	83
NC_001224.1	NC_001224.1_RagTag	5.50e-38	163	88	143	83
NC_001224.1	NC_001224.1_RagTag	5.50e-38	163	88	454	83
NC_001224.1	NC_001224.1_RagTag	1.98e-37	161	87	495	83
NC_001224.1	NC_001224.1_RagTag	1.98e-37	161	87	785	83
NC_001224.1	NC_001224.1_RagTag	1.98e-37	161	87	700	83
NC_001224.1	NC_001224.1_RagTag	1.98e-37	161	87	218	83
NC_001224.1	NC_001224.1_RagTag	1.98e-37	161	87	210	83
NC_001224.1	NC_001224.1_RagTag	1.98e-37	161	87	315	83
NC_001224.1	NC_001224.1_RagTag	1.98e-37	161	87	346	83
NC_001224.1	NC_001224.1_RagTag	7.12e-37	159	86	269	83
NC_001224.1	NC_001224.1_RagTag	7.12e-37	159	86	381	83
NC_001224.1	NC_001224.1_RagTag	7.12e-37	159	86	366	83
NC_001224.1	NC_001224.1_RagTag	7.12e-37	159	86	264	83
NC_001224.1	NC_001224.1_RagTag	7.12e-37	159	86	437	83
NC_001224.1	NC_001224.1_RagTag	7.12e-37	159	86	205	83
NC_001224.1	NC_001224.1_RagTag	2.56e-36	158	85	339	83
NC_001224.1	NC_001224.1_RagTag	2.56e-36	158	85	654	83
NC_001224.1	NC_001224.1_RagTag	2.56e-36	158	85	423	83
NC_001224.1	NC_001224.1_RagTag	2.56e-36	158	85	445	83
NC_001224.1	NC_001224.1_RagTag	2.56e-36	158	85	579	83
NC_001224.1	NC_001224.1_RagTag	2.56e-36	158	85	486	83
NC_001224.1	NC_001224.1_RagTag	2.56e-36	158	85	298	83
NC_001224.1	NC_001224.1_RagTag	2.56e-36	158	85	625	83
NC_001224.1	NC_001224.1_RagTag	2.56e-36	158	85	358	83
NC_001224.1	NC_001224.1_RagTag	2.56e-36	158	85	199	83
NC_001224.1	NC_001224.1_RagTag	2.56e-36	158	85	152	83
NC_001224.1	NC_001224.1_RagTag	9.21e-36	156	84	282	83
NC_001224.1	NC_001224.1_RagTag	9.21e-36	156	84	384	83
NC_001224.1	NC_001224.1_RagTag	9.21e-36	156	84	347	83
NC_001224.1	NC_001224.1_RagTag	9.21e-36	156	84	304	83
NC_001224.1	NC_001224.1_RagTag	9.21e-36	156	84	353	83
NC_001224.1	NC_001224.1_RagTag	9.21e-36	156	84	186	83
NC_001224.1	NC_001224.1_RagTag	9.21e-36	156	84	494	83
NC_001224.1	NC_001224.1_RagTag	9.21e-36	156	84	420	83
NC_001224.1	NC_001224.1_RagTag	9.21e-36	156	84	429	83
NC_001224.1	NC_001224.1_RagTag	9.21e-36	156	84	328	83
NC_001224.1	NC_001224.1_RagTag	9.21e-36	156	84	211	83
NC_001224.1	NC_001224.1_RagTag	3.31e-35	154	83	420	83
NC_001224.1	NC_001224.1_RagTag	3.31e-35	154	83	560	83
NC_001224.1	NC_001224.1_RagTag	3.31e-35	154	83	304	83
NC_001224.1	NC_001224.1_RagTag	3.31e-35	154	83	301	83
NC_001224.1	NC_001224.1_RagTag	3.31e-35	154	83	305	83
NC_001224.1	NC_001224.1_RagTag	3.31e-35	154	83	542	83
NC_001224.1	NC_001224.1_RagTag	3.31e-35	154	83	535	83
NC_001224.1	NC_001224.1_RagTag	3.31e-35	154	83	217	83
NC_001224.1	NC_001224.1_RagTag	1.19e-34	152	82	262	83
NC_001224.1	NC_001224.1_RagTag	1.19e-34	152	82	439	83
NC_001224.1	NC_001224.1_RagTag	1.19e-34	152	82	272	83
NC_001224.1	NC_001224.1_RagTag	1.19e-34	152	82	262	83
NC_001224.1	NC_001224.1_RagTag	1.19e-34	152	82	467	83
NC_001224.1	NC_001224.1_RagTag	1.19e-34	152	82	367	83
NC_001224.1	NC_001224.1_RagTag	1.19e-34	152	82	187	83
NC_001224.1	NC_001224.1_RagTag	1.19e-34	152	82	338	83
NC_001224.1	NC_001224.1_RagTag	1.19e-34	152	82	187	83
NC_001224.1	NC_001224.1_RagTag	1.19e-34	152	82	508	83
NC_001224.1	NC_001224.1_RagTag	1.19e-34	152	82	398	83
NC_001224.1	NC_001224.1_RagTag	1.19e-34	152	82	221	83
NC_001224.1	NC_001224.1_RagTag	4.29e-34	150	81	281	83
NC_001224.1	NC_001224.1_RagTag	4.29e-34	150	81	350	83
NC_001224.1	NC_001224.1_RagTag	4.29e-34	150	81	295	83
NC_001224.1	NC_001224.1_RagTag	4.29e-34	150	81	178	83
NC_001224.1	NC_001224.1_RagTag	4.29e-34	150	81	558	83
NC_001224.1	NC_001224.1_RagTag	4.29e-34	150	81	435	83
NC_001224.1	NC_001224.1_RagTag	4.29e-34	150	81	475	83
NC_001224.1	NC_001224.1_RagTag	4.29e-34	150	81	192	83
NC_001224.1	NC_001224.1_RagTag	1.54e-33	148	80	80	83
NC_001224.1	NC_001224.1_RagTag	1.54e-33	148	80	472	83
NC_001224.1	NC_001224.1_RagTag	1.54e-33	148	80	442	83
NC_001224.1	NC_001224.1_RagTag	1.54e-33	148	80	252	83
NC_001224.1	NC_001224.1_RagTag	1.54e-33	148	80	411	83
NC_001224.1	NC_001224.1_RagTag	1.54e-33	148	80	136	83
NC_001224.1	NC_001224.1_RagTag	1.54e-33	148	80	463	83
NC_001224.1	NC_001224.1_RagTag	5.54e-33	147	79	398	83
NC_001224.1	NC_001224.1_RagTag	5.54e-33	147	79	326	83
NC_001224.1	NC_001224.1_RagTag	5.54e-33	147	79	480	83
NC_001224.1	NC_001224.1_RagTag	5.54e-33	147	79	246	83
NC_001224.1	NC_001224.1_RagTag	5.54e-33	147	79	457	83
NC_001224.1	NC_001224.1_RagTag	5.54e-33	147	79	198	83
NC_001224.1	NC_001224.1_RagTag	5.54e-33	147	79	438	83
NC_001224.1	NC_001224.1_RagTag	5.54e-33	147	79	369	83
NC_001224.1	NC_001224.1_RagTag	5.54e-33	147	79	367	83
NC_001224.1	NC_001224.1_RagTag	1.99e-32	145	78	198	83
NC_001224.1	NC_001224.1_RagTag	1.99e-32	145	78	293	83
NC_001224.1	NC_001224.1_RagTag	1.99e-32	145	78	441	83
NC_001224.1	NC_001224.1_RagTag	1.99e-32	145	78	209	83
NC_001224.1	NC_001224.1_RagTag	1.99e-32	145	78	787	83
NC_001224.1	NC_001224.1_RagTag	1.99e-32	145	78	371	83
NC_001224.1	NC_001224.1_RagTag	1.99e-32	145	78	329	83
NC_001224.1	NC_001224.1_RagTag	1.99e-32	145	78	374	83
NC_001224.1	NC_001224.1_RagTag	1.99e-32	145	78	177	83
NC_001224.1	NC_001224.1_RagTag	7.17e-32	143	77	201	83
NC_001224.1	NC_001224.1_RagTag	7.17e-32	143	77	315	83
NC_001224.1	NC_001224.1_RagTag	7.17e-32	143	77	132	83
NC_001224.1	NC_001224.1_RagTag	7.17e-32	143	77	215	83
NC_001224.1	NC_001224.1_RagTag	7.17e-32	143	77	461	83
NC_001224.1	NC_001224.1_RagTag	7.17e-32	143	77	230	83
NC_001224.1	NC_001224.1_RagTag	7.17e-32	143	77	150	83
NC_001224.1	NC_001224.1_RagTag	7.17e-32	143	77	522	83
NC_001224.1	NC_001224.1_RagTag	7.17e-32	143	77	77	83
NC_001224.1	NC_001224.1_RagTag	7.17e-32	143	77	215	83
NC_001224.1	NC_001224.1_RagTag	7.17e-32	143	77	379	83
NC_001224.1	NC_001224.1_RagTag	7.17e-32	143	77	146	83
NC_001224.1	NC_001224.1_RagTag	7.17e-32	143	77	550	83
NC_001224.1	NC_001224.1_RagTag	2.58e-31	141	76	202	83
NC_001224.1	NC_001224.1_RagTag	2.58e-31	141	76	181	83
NC_001224.1	NC_001224.1_RagTag	2.58e-31	141	76	340	83
NC_001224.1	NC_001224.1_RagTag	2.58e-31	141	76	201	83
NC_001224.1	NC_001224.1_RagTag	2.58e-31	141	76	186	83
NC_001224.1	NC_001224.1_RagTag	2.58e-31	141	76	377	83
NC_001224.1	NC_001224.1_RagTag	2.58e-31	141	76	449	83
NC_001224.1	NC_001224.1_RagTag	2.58e-31	141	76	453	83
NC_001224.1	NC_001224.1_RagTag	2.58e-31	141	76	223	83
NC_001224.1	NC_001224.1_RagTag	2.58e-31	141	76	236	83
NC_001224.1	NC_001224.1_RagTag	2.58e-31	141	76	177	83
NC_001224.1	NC_001224.1_RagTag	2.58e-31	141	76	306	83
NC_001224.1	NC_001224.1_RagTag	2.58e-31	141	76	349	83
NC_001224.1	NC_001224.1_RagTag	9.28e-31	139	75	337	83
NC_001224.1	NC_001224.1_RagTag	9.28e-31	139	75	385	83
NC_001224.1	NC_001224.1_RagTag	9.28e-31	139	75	574	83
NC_001224.1	NC_001224.1_RagTag	9.28e-31	139	75	306	83
NC_001224.1	NC_001224.1_RagTag	9.28e-31	139	75	201	83
NC_001224.1	NC_001224.1_RagTag	9.28e-31	139	75	429	83
NC_001224.1	NC_001224.1_RagTag	9.28e-31	139	75	219	83
NC_001224.1	NC_001224.1_RagTag	9.28e-31	139	75	493	83
NC_001224.1	NC_001224.1_RagTag	9.28e-31	139	75	457	83
NC_001224.1	NC_001224.1_RagTag	3.34e-30	137	74	216	83
NC_001224.1	NC_001224.1_RagTag	3.34e-30	137	74	198	83
NC_001224.1	NC_001224.1_RagTag	3.34e-30	137	74	253	83
NC_001224.1	NC_001224.1_RagTag	3.34e-30	137	74	739	83
NC_001224.1	NC_001224.1_RagTag	3.34e-30	137	74	500	83
NC_001224.1	NC_001224.1_RagTag	3.34e-30	137	74	240	83
NC_001224.1	NC_001224.1_RagTag	3.34e-30	137	74	213	83
NC_001224.1	NC_001224.1_RagTag	3.34e-30	137	74	391	83
NC_001224.1	NC_001224.1_RagTag	3.34e-30	137	74	363	83
NC_001224.1	NC_001224.1_RagTag	1.20e-29	135	73	230	83
NC_001224.1	NC_001224.1_RagTag	1.20e-29	135	73	209	83
NC_001224.1	NC_001224.1_RagTag	1.20e-29	135	73	194	83
NC_001224.1	NC_001224.1_RagTag	1.20e-29	135	73	283	83
NC_001224.1	NC_001224.1_RagTag	1.20e-29	135	73	420	83
NC_001224.1	NC_001224.1_RagTag	1.20e-29	135	73	336	83
NC_001224.1	NC_001224.1_RagTag	1.20e-29	135	73	480	83
NC_001224.1	NC_001224.1_RagTag	1.20e-29	135	73	248	83
NC_001224.1	NC_001224.1_RagTag	1.20e-29	135	73	206	83
NC_001224.1	NC_001224.1_RagTag	1.20e-29	135	73	418	83
NC_001224.1	NC_001224.1_RagTag	1.20e-29	135	73	212	83
NC_001224.1	NC_001224.1_RagTag	1.20e-29	135	73	201	83
NC_001224.1	NC_001224.1_RagTag	1.20e-29	135	73	417	83
NC_001224.1	NC_001224.1_RagTag	1.20e-29	135	73	471	83
NC_001224.1	NC_001224.1_RagTag	1.20e-29	135	73	201	83
NC_001224.1	NC_001224.1_RagTag	1.20e-29	135	73	262	83
NC_001224.1	NC_001224.1_RagTag	1.20e-29	135	73	79	83
NC_001224.1	NC_001224.1_RagTag	1.20e-29	135	73	178	83
NC_001224.1	NC_001224.1_RagTag	1.20e-29	135	73	409	83
NC_001224.1	NC_001224.1_RagTag	1.20e-29	135	73	271	83
NC_001224.1	NC_001224.1_RagTag	4.32e-29	134	72	150	83
NC_001224.1	NC_001224.1_RagTag	4.32e-29	134	72	484	83
NC_001224.1	NC_001224.1_RagTag	4.32e-29	134	72	379	83
NC_001224.1	NC_001224.1_RagTag	4.32e-29	134	72	429	83
NC_001224.1	NC_001224.1_RagTag	4.32e-29	134	72	238	83
NC_001224.1	NC_001224.1_RagTag	4.32e-29	134	72	174	83
NC_001224.1	NC_001224.1_RagTag	4.32e-29	134	72	239	83
NC_001224.1	NC_001224.1_RagTag	4.32e-29	134	72	486	83
NC_001224.1	NC_001224.1_RagTag	4.32e-29	134	72	142	83
NC_001224.1	NC_001224.1_RagTag	4.32e-29	134	72	141	83
NC_001224.1	NC_001224.1_RagTag	4.32e-29	134	72	763	83
NC_001224.1	NC_001224.1_RagTag	4.32e-29	134	72	315	83
NC_001224.1	NC_001224.1_RagTag	4.32e-29	134	72	291	83
NC_001224.1	NC_001224.1_RagTag	4.32e-29	134	72	235	83
NC_001224.1	NC_001224.1_RagTag	4.32e-29	134	72	141	83
NC_001224.1	NC_001224.1_RagTag	4.32e-29	134	72	157	83
NC_001224.1	NC_001224.1_RagTag	4.32e-29	134	72	460	83
NC_001224.1	NC_001224.1_RagTag	4.32e-29	134	72	428	83
NC_001224.1	NC_001224.1_RagTag	4.32e-29	134	72	244	83
NC_001224.1	NC_001224.1_RagTag	1.55e-28	132	71	386	83
NC_001224.1	NC_001224.1_RagTag	1.55e-28	132	71	152	83
NC_001224.1	NC_001224.1_RagTag	1.55e-28	132	71	371	83
NC_001224.1	NC_001224.1_RagTag	1.55e-28	132	71	317	83
NC_001224.1	NC_001224.1_RagTag	1.55e-28	132	71	180	83
NC_001224.1	NC_001224.1_RagTag	1.55e-28	132	71	203	83
NC_001224.1	NC_001224.1_RagTag	1.55e-28	132	71	406	83
NC_001224.1	NC_001224.1_RagTag	1.55e-28	132	71	336	83
NC_001224.1	NC_001224.1_RagTag	1.55e-28	132	71	328	83
NC_001224.1	NC_001224.1_RagTag	1.55e-28	132	71	331	83
NC_001224.1	NC_001224.1_RagTag	1.55e-28	132	71	196	83
NC_001224.1	NC_001224.1_RagTag	1.55e-28	132	71	118	83
NC_001224.1	NC_001224.1_RagTag	1.55e-28	132	71	165	83
NC_001224.1	NC_001224.1_RagTag	1.55e-28	132	71	232	83
NC_001224.1	NC_001224.1_RagTag	1.55e-28	132	71	386	83
NC_001224.1	NC_001224.1_RagTag	1.55e-28	132	71	418	83
NC_001224.1	NC_001224.1_RagTag	1.55e-28	132	71	118	83
NC_001224.1	NC_001224.1_RagTag	1.55e-28	132	71	241	83
NC_001224.1	NC_001224.1_RagTag	1.55e-28	132	71	513	83
NC_001224.1	NC_001224.1_RagTag	1.55e-28	132	71	331	83
NC_001224.1	NC_001224.1_RagTag	1.55e-28	132	71	364	83
NC_001224.1	NC_001224.1_RagTag	5.58e-28	130	70	182	83
NC_001224.1	NC_001224.1_RagTag	5.58e-28	130	70	174	83
NC_001224.1	NC_001224.1_RagTag	5.58e-28	130	70	248	83
NC_001224.1	NC_001224.1_RagTag	5.58e-28	130	70	237	83
NC_001224.1	NC_001224.1_RagTag	5.58e-28	130	70	83	83
NC_001224.1	NC_001224.1_RagTag	5.58e-28	130	70	138	83
NC_001224.1	NC_001224.1_RagTag	5.58e-28	130	70	372	83
NC_001224.1	NC_001224.1_RagTag	5.58e-28	130	70	459	83
NC_001224.1	NC_001224.1_RagTag	5.58e-28	130	70	346	83
NC_001224.1	NC_001224.1_RagTag	5.58e-28	130	70	148	83
NC_001224.1	NC_001224.1_RagTag	5.58e-28	130	70	401	83
NC_001224.1	NC_001224.1_RagTag	5.58e-28	130	70	374	83
NC_001224.1	NC_001224.1_RagTag	5.58e-28	130	70	240	83
NC_001224.1	NC_001224.1_RagTag	2.01e-27	128	69	261	83
NC_001224.1	NC_001224.1_RagTag	2.01e-27	128	69	681	83
NC_001224.1	NC_001224.1_RagTag	2.01e-27	128	69	549	83
NC_001224.1	NC_001224.1_RagTag	2.01e-27	128	69	324	83
NC_001224.1	NC_001224.1_RagTag	2.01e-27	128	69	376	83
NC_001224.1	NC_001224.1_RagTag	2.01e-27	128	69	221	83
NC_001224.1	NC_001224.1_RagTag	2.01e-27	128	69	425	83
NC_001224.1	NC_001224.1_RagTag	2.01e-27	128	69	347	83
NC_001224.1	NC_001224.1_RagTag	2.01e-27	128	69	204	83
NC_001224.1	NC_001224.1_RagTag	2.01e-27	128	69	641	83
NC_001224.1	NC_001224.1_RagTag	2.01e-27	128	69	326	83
NC_001224.1	NC_001224.1_RagTag	2.01e-27	128	69	410	83
NC_001224.1	NC_001224.1_RagTag	2.01e-27	128	69	199	83
NC_001224.1	NC_001224.1_RagTag	2.01e-27	128	69	514	83
NC_001224.1	NC_001224.1_RagTag	2.01e-27	128	69	382	83
NC_001224.1	NC_001224.1_RagTag	2.01e-27	128	69	153	83
NC_001224.1	NC_001224.1_RagTag	2.01e-27	128	69	586	83
NC_001224.1	NC_001224.1_RagTag	2.01e-27	128	69	481	83
NC_001224.1	NC_001224.1_RagTag	2.01e-27	128	69	204	83
NC_001224.1	NC_001224.1_RagTag	2.01e-27	128	69	199	83
NC_001224.1	NC_001224.1_RagTag	2.01e-27	128	69	223	83
NC_001224.1	NC_001224.1_RagTag	2.01e-27	128	69	492	83
NC_001224.1	NC_001224.1_RagTag	2.01e-27	128	69	431	83
NC_001224.1	NC_001224.1_RagTag	2.01e-27	128	69	401	83
NC_001224.1	NC_001224.1_RagTag	2.01e-27	128	69	245	83
NC_001224.1	NC_001224.1_RagTag	7.22e-27	126	68	485	83
NC_001224.1	NC_001224.1_RagTag	7.22e-27	126	68	376	83
NC_001224.1	NC_001224.1_RagTag	7.22e-27	126	68	193	83
NC_001224.1	NC_001224.1_RagTag	7.22e-27	126	68	135	83
NC_001224.1	NC_001224.1_RagTag	7.22e-27	126	68	292	83
NC_001224.1	NC_001224.1_RagTag	7.22e-27	126	68	231	83
NC_001224.1	NC_001224.1_RagTag	7.22e-27	126	68	223	83
NC_001224.1	NC_001224.1_RagTag	7.22e-27	126	68	139	83
NC_001224.1	NC_001224.1_RagTag	7.22e-27	126	68	162	83
NC_001224.1	NC_001224.1_RagTag	7.22e-27	126	68	164	83
NC_001224.1	NC_001224.1_RagTag	7.22e-27	126	68	381	83
NC_001224.1	NC_001224.1_RagTag	7.22e-27	126	68	178	83
NC_001224.1	NC_001224.1_RagTag	7.22e-27	126	68	165	83
NC_001224.1	NC_001224.1_RagTag	7.22e-27	126	68	447	83
NC_001224.1	NC_001224.1_RagTag	7.22e-27	126	68	349	83
NC_001224.1	NC_001224.1_RagTag	7.22e-27	126	68	95	83
NC_001224.1	NC_001224.1_RagTag	7.22e-27	126	68	594	83
NC_001224.1	NC_001224.1_RagTag	7.22e-27	126	68	161	83
NC_001224.1	NC_001224.1_RagTag	7.22e-27	126	68	138	83
NC_001224.1	NC_001224.1_RagTag	7.22e-27	126	68	167	83
NC_001224.1	NC_001224.1_RagTag	7.22e-27	126	68	417	83
NC_001224.1	NC_001224.1_RagTag	2.60e-26	124	67	245	83
NC_001224.1	NC_001224.1_RagTag	2.60e-26	124	67	153	83
NC_001224.1	NC_001224.1_RagTag	2.60e-26	124	67	170	83
NC_001224.1	NC_001224.1_RagTag	2.60e-26	124	67	423	83
NC_001224.1	NC_001224.1_RagTag	2.60e-26	124	67	81	83
NC_001224.1	NC_001224.1_RagTag	2.60e-26	124	67	382	83
NC_001224.1	NC_001224.1_RagTag	2.60e-26	124	67	377	83
NC_001224.1	NC_001224.1_RagTag	2.60e-26	124	67	225	83
NC_001224.1	NC_001224.1_RagTag	2.60e-26	124	67	268	83
NC_001224.1	NC_001224.1_RagTag	2.60e-26	124	67	389	83
NC_001224.1	NC_001224.1_RagTag	2.60e-26	124	67	411	83
NC_001224.1	NC_001224.1_RagTag	2.60e-26	124	67	405	83
NC_001224.1	NC_001224.1_RagTag	2.60e-26	124	67	368	83
NC_001224.1	NC_001224.1_RagTag	2.60e-26	124	67	439	83
NC_001224.1	NC_001224.1_RagTag	2.60e-26	124	67	167	83
NC_001224.1	NC_001224.1_RagTag	2.60e-26	124	67	455	83
NC_001224.1	NC_001224.1_RagTag	2.60e-26	124	67	575	83
NC_001224.1	NC_001224.1_RagTag	2.60e-26	124	67	368	83
NC_001224.1	NC_001224.1_RagTag	2.60e-26	124	67	306	83
NC_001224.1	NC_001224.1_RagTag	2.60e-26	124	67	322	83
NC_001224.1	NC_001224.1_RagTag	2.60e-26	124	67	306	83
NC_001224.1	NC_001224.1_RagTag	2.60e-26	124	67	472	83
NC_001224.1	NC_001224.1_RagTag	9.34e-26	122	66	201	83
NC_001224.1	NC_001224.1_RagTag	9.34e-26	122	66	262	83
NC_001224.1	NC_001224.1_RagTag	9.34e-26	122	66	324	83
NC_001224.1	NC_001224.1_RagTag	9.34e-26	122	66	203	83
NC_001224.1	NC_001224.1_RagTag	9.34e-26	122	66	206	83
NC_001224.1	NC_001224.1_RagTag	9.34e-26	122	66	201	83
NC_001224.1	NC_001224.1_RagTag	9.34e-26	122	66	238	83
NC_001224.1	NC_001224.1_RagTag	9.34e-26	122	66	444	83
NC_001224.1	NC_001224.1_RagTag	9.34e-26	122	66	316	83
NC_001224.1	NC_001224.1_RagTag	9.34e-26	122	66	273	83
NC_001224.1	NC_001224.1_RagTag	9.34e-26	122	66	372	83
NC_001224.1	NC_001224.1_RagTag	9.34e-26	122	66	380	83
NC_001224.1	NC_001224.1_RagTag	9.34e-26	122	66	629	83
NC_001224.1	NC_001224.1_RagTag	9.34e-26	122	66	202	83
NC_001224.1	NC_001224.1_RagTag	9.34e-26	122	66	334	83
NC_001224.1	NC_001224.1_RagTag	9.34e-26	122	66	142	83
NC_001224.1	NC_001224.1_RagTag	9.34e-26	122	66	157	83
NC_001224.1	NC_001224.1_RagTag	9.34e-26	122	66	268	83
NC_001224.1	NC_001224.1_RagTag	9.34e-26	122	66	177	83
NC_001224.1	NC_001224.1_RagTag	9.34e-26	122	66	163	83
NC_001224.1	NC_001224.1_RagTag	3.36e-25	121	65	322	83
NC_001224.1	NC_001224.1_RagTag	3.36e-25	121	65	261	83
NC_001224.1	NC_001224.1_RagTag	3.36e-25	121	65	165	83
NC_001224.1	NC_001224.1_RagTag	3.36e-25	121	65	142	83
NC_001224.1	NC_001224.1_RagTag	3.36e-25	121	65	420	83
NC_001224.1	NC_001224.1_RagTag	3.36e-25	121	65	135	83
NC_001224.1	NC_001224.1_RagTag	3.36e-25	121	65	200	83
NC_001224.1	NC_001224.1_RagTag	3.36e-25	121	65	276	83
NC_001224.1	NC_001224.1_RagTag	3.36e-25	121	65	170	83
NC_001224.1	NC_001224.1_RagTag	3.36e-25	121	65	299	83
NC_001224.1	NC_001224.1_RagTag	3.36e-25	121	65	435	83
NC_001224.1	NC_001224.1_RagTag	3.36e-25	121	65	165	83
NC_001224.1	NC_001224.1_RagTag	3.36e-25	121	65	209	83
NC_001224.1	NC_001224.1_RagTag	3.36e-25	121	65	384	83
NC_001224.1	NC_001224.1_RagTag	3.36e-25	121	65	358	83
NC_001224.1	NC_001224.1_RagTag	3.36e-25	121	65	297	83
NC_001224.1	NC_001224.1_RagTag	3.36e-25	121	65	143	83
NC_001224.1	NC_001224.1_RagTag	3.36e-25	121	65	172	83
NC_001224.1	NC_001224.1_RagTag	3.36e-25	121	65	378	83
NC_001224.1	NC_001224.1_RagTag	1.21e-24	119	64	182	83
NC_001224.1	NC_001224.1_RagTag	1.21e-24	119	64	193	83
NC_001224.1	NC_001224.1_RagTag	1.21e-24	119	64	244	83
NC_001224.1	NC_001224.1_RagTag	1.21e-24	119	64	176	83
NC_001224.1	NC_001224.1_RagTag	1.21e-24	119	64	244	83
NC_001224.1	NC_001224.1_RagTag	1.21e-24	119	64	403	83
NC_001224.1	NC_001224.1_RagTag	1.21e-24	119	64	125	83
NC_001224.1	NC_001224.1_RagTag	1.21e-24	119	64	622	83
NC_001224.1	NC_001224.1_RagTag	1.21e-24	119	64	437	83
NC_001224.1	NC_001224.1_RagTag	1.21e-24	119	64	136	83
NC_001224.1	NC_001224.1_RagTag	1.21e-24	119	64	166	83
NC_001224.1	NC_001224.1_RagTag	1.21e-24	119	64	428	83
NC_001224.1	NC_001224.1_RagTag	1.21e-24	119	64	188	83
NC_001224.1	NC_001224.1_RagTag	1.21e-24	119	64	422	83
NC_001224.1	NC_001224.1_RagTag	1.21e-24	119	64	470	83
NC_001224.1	NC_001224.1_RagTag	1.21e-24	119	64	471	83
NC_001224.1	NC_001224.1_RagTag	1.21e-24	119	64	172	83
NC_001224.1	NC_001224.1_RagTag	4.35e-24	117	63	143	83
NC_001224.1	NC_001224.1_RagTag	4.35e-24	117	63	208	83
NC_001224.1	NC_001224.1_RagTag	4.35e-24	117	63	124	83
NC_001224.1	NC_001224.1_RagTag	4.35e-24	117	63	190	83
NC_001224.1	NC_001224.1_RagTag	4.35e-24	117	63	234	83
NC_001224.1	NC_001224.1_RagTag	4.35e-24	117	63	178	83
NC_001224.1	NC_001224.1_RagTag	4.35e-24	117	63	148	83
NC_001224.1	NC_001224.1_RagTag	4.35e-24	117	63	399	83
NC_001224.1	NC_001224.1_RagTag	4.35e-24	117	63	128	83
NC_001224.1	NC_001224.1_RagTag	4.35e-24	117	63	190	83
NC_001224.1	NC_001224.1_RagTag	4.35e-24	117	63	310	83
NC_001224.1	NC_001224.1_RagTag	4.35e-24	117	63	354	83
NC_001224.1	NC_001224.1_RagTag	4.35e-24	117	63	187	83
NC_001224.1	NC_001224.1_RagTag	4.35e-24	117	63	420	83
NC_001224.1	NC_001224.1_RagTag	4.35e-24	117	63	110	83
NC_001224.1	NC_001224.1_RagTag	4.35e-24	117	63	493	83
NC_001224.1	NC_001224.1_RagTag	4.35e-24	117	63	184	83
NC_001224.1	NC_001224.1_RagTag	4.35e-24	117	63	430	83
NC_001224.1	NC_001224.1_RagTag	4.35e-24	117	63	110	83
NC_001224.1	NC_001224.1_RagTag	4.35e-24	117	63	251	83
NC_001224.1	NC_001224.1_RagTag	1.56e-23	115	62	200	83
NC_001224.1	NC_001224.1_RagTag	1.56e-23	115	62	139	83
NC_001224.1	NC_001224.1_RagTag	1.56e-23	115	62	163	83
NC_001224.1	NC_001224.1_RagTag	1.56e-23	115	62	148	83
NC_001224.1	NC_001224.1_RagTag	1.56e-23	115	62	280	83
NC_001224.1	NC_001224.1_RagTag	1.56e-23	115	62	331	83
NC_001224.1	NC_001224.1_RagTag	1.56e-23	115	62	229	83
NC_001224.1	NC_001224.1_RagTag	1.56e-23	115	62	75	83
NC_001224.1	NC_001224.1_RagTag	1.56e-23	115	62	205	83
NC_001224.1	NC_001224.1_RagTag	1.56e-23	115	62	158	83
NC_001224.1	NC_001224.1_RagTag	1.56e-23	115	62	214	83
NC_001224.1	NC_001224.1_RagTag	1.56e-23	115	62	204	83
NC_001224.1	NC_001224.1_RagTag	1.56e-23	115	62	372	83
NC_001224.1	NC_001224.1_RagTag	1.56e-23	115	62	427	83
NC_001224.1	NC_001224.1_RagTag	1.56e-23	115	62	158	83
NC_001224.1	NC_001224.1_RagTag	1.56e-23	115	62	211	83
NC_001224.1	NC_001224.1_RagTag	1.56e-23	115	62	199	83
NC_001224.1	NC_001224.1_RagTag	1.56e-23	115	62	149	83
NC_001224.1	NC_001224.1_RagTag	1.56e-23	115	62	208	83
NC_001224.1	NC_001224.1_RagTag	1.56e-23	115	62	441	83
NC_001224.1	NC_001224.1_RagTag	1.56e-23	115	62	179	83
NC_001224.1	NC_001224.1_RagTag	1.56e-23	115	62	187	83
NC_001224.1	NC_001224.1_RagTag	1.56e-23	115	62	131	83
NC_001224.1	NC_001224.1_RagTag	1.56e-23	115	62	207	83
NC_001224.1	NC_001224.1_RagTag	5.62e-23	113	61	216	83
NC_001224.1	NC_001224.1_RagTag	5.62e-23	113	61	263	83
NC_001224.1	NC_001224.1_RagTag	5.62e-23	113	61	296	83
NC_001224.1	NC_001224.1_RagTag	5.62e-23	113	61	185	83
NC_001224.1	NC_001224.1_RagTag	5.62e-23	113	61	81	83
NC_001224.1	NC_001224.1_RagTag	5.62e-23	113	61	153	83
NC_001224.1	NC_001224.1_RagTag	5.62e-23	113	61	412	83
NC_001224.1	NC_001224.1_RagTag	5.62e-23	113	61	148	83
NC_001224.1	NC_001224.1_RagTag	5.62e-23	113	61	207	83
NC_001224.1	NC_001224.1_RagTag	5.62e-23	113	61	369	83
NC_001224.1	NC_001224.1_RagTag	5.62e-23	113	61	275	83
NC_001224.1	NC_001224.1_RagTag	5.62e-23	113	61	354	83
NC_001224.1	NC_001224.1_RagTag	5.62e-23	113	61	220	83
NC_001224.1	NC_001224.1_RagTag	5.62e-23	113	61	172	83
NC_001224.1	NC_001224.1_RagTag	5.62e-23	113	61	434	83
NC_001224.1	NC_001224.1_RagTag	5.62e-23	113	61	263	83
NC_001224.1	NC_001224.1_RagTag	5.62e-23	113	61	180	83
NC_001224.1	NC_001224.1_RagTag	5.62e-23	113	61	224	83
NC_001224.1	NC_001224.1_RagTag	5.62e-23	113	61	202	83
NC_001224.1	NC_001224.1_RagTag	5.62e-23	113	61	223	83
NC_001224.1	NC_001224.1_RagTag	5.62e-23	113	61	520	83
NC_001224.1	NC_001224.1_RagTag	5.62e-23	113	61	283	83
NC_001224.1	NC_001224.1_RagTag	5.62e-23	113	61	258	83
NC_001224.1	NC_001224.1_RagTag	5.62e-23	113	61	187	83
NC_001224.1	NC_001224.1_RagTag	5.62e-23	113	61	230	83
NC_001224.1	NC_001224.1_RagTag	5.62e-23	113	61	251	83
NC_001224.1	NC_001224.1_RagTag	5.62e-23	113	61	359	83
NC_001224.1	NC_001224.1_RagTag	5.62e-23	113	61	172	83
NC_001224.1	NC_001224.1_RagTag	5.62e-23	113	61	122	83
NC_001224.1	NC_001224.1_RagTag	5.62e-23	113	61	137	83
NC_001224.1	NC_001224.1_RagTag	2.02e-22	111	60	250	83
NC_001224.1	NC_001224.1_RagTag	2.02e-22	111	60	421	83
NC_001224.1	NC_001224.1_RagTag	2.02e-22	111	60	243	83
NC_001224.1	NC_001224.1_RagTag	2.02e-22	111	60	445	83
NC_001224.1	NC_001224.1_RagTag	2.02e-22	111	60	141	83
NC_001224.1	NC_001224.1_RagTag	2.02e-22	111	60	496	83
NC_001224.1	NC_001224.1_RagTag	2.02e-22	111	60	210	83
NC_001224.1	NC_001224.1_RagTag	2.02e-22	111	60	221	83
NC_001224.1	NC_001224.1_RagTag	2.02e-22	111	60	128	83
NC_001224.1	NC_001224.1_RagTag	2.02e-22	111	60	103	83
NC_001224.1	NC_001224.1_RagTag	2.02e-22	111	60	63	83
NC_001224.1	NC_001224.1_RagTag	2.02e-22	111	60	142	83
NC_001224.1	NC_001224.1_RagTag	2.02e-22	111	60	99	83
NC_001224.1	NC_001224.1_RagTag	2.02e-22	111	60	96	83
NC_001224.1	NC_001224.1_RagTag	2.02e-22	111	60	108	83
NC_001224.1	NC_001224.1_RagTag	2.02e-22	111	60	74	83
NC_001224.1	NC_001224.1_RagTag	2.02e-22	111	60	325	83
NC_001224.1	NC_001224.1_RagTag	2.02e-22	111	60	149	83
NC_001224.1	NC_001224.1_RagTag	2.02e-22	111	60	164	83
NC_001224.1	NC_001224.1_RagTag	2.02e-22	111	60	71	83
NC_001224.1	NC_001224.1_RagTag	2.02e-22	111	60	153	83
NC_001224.1	NC_001224.1_RagTag	2.02e-22	111	60	204	83
NC_001224.1	NC_001224.1_RagTag	2.02e-22	111	60	99	83
NC_001224.1	NC_001224.1_RagTag	2.02e-22	111	60	194	83
NC_001224.1	NC_001224.1_RagTag	2.02e-22	111	60	207	83
NC_001224.1	NC_001224.1_RagTag	2.02e-22	111	60	267	83
NC_001224.1	NC_001224.1_RagTag	2.02e-22	111	60	201	83
NC_001224.1	NC_001224.1_RagTag	2.02e-22	111	60	111	83
NC_001224.1	NC_001224.1_RagTag	2.02e-22	111	60	106	83
NC_001224.1	NC_001224.1_RagTag	2.02e-22	111	60	251	83
NC_001224.1	NC_001224.1_RagTag	2.02e-22	111	60	260	83
NC_001224.1	NC_001224.1_RagTag	7.27e-22	110	59	155	83
NC_001224.1	NC_001224.1_RagTag	7.27e-22	110	59	216	83
NC_001224.1	NC_001224.1_RagTag	7.27e-22	110	59	162	83
NC_001224.1	NC_001224.1_RagTag	7.27e-22	110	59	415	83
NC_001224.1	NC_001224.1_RagTag	7.27e-22	110	59	161	83
NC_001224.1	NC_001224.1_RagTag	7.27e-22	110	59	332	83
NC_001224.1	NC_001224.1_RagTag	7.27e-22	110	59	113	83
NC_001224.1	NC_001224.1_RagTag	7.27e-22	110	59	441	83
NC_001224.1	NC_001224.1_RagTag	7.27e-22	110	59	171	83
NC_001224.1	NC_001224.1_RagTag	7.27e-22	110	59	237	83
NC_001224.1	NC_001224.1_RagTag	7.27e-22	110	59	304	83
NC_001224.1	NC_001224.1_RagTag	7.27e-22	110	59	146	83
NC_001224.1	NC_001224.1_RagTag	7.27e-22	110	59	484	83
NC_001224.1	NC_001224.1_RagTag	7.27e-22	110	59	203	83
NC_001224.1	NC_001224.1_RagTag	7.27e-22	110	59	278	83
NC_001224.1	NC_001224.1_RagTag	7.27e-22	110	59	189	83
NC_001224.1	NC_001224.1_RagTag	7.27e-22	110	59	216	83
NC_001224.1	NC_001224.1_RagTag	7.27e-22	110	59	539	83
NC_001224.1	NC_001224.1_RagTag	7.27e-22	110	59	117	83
NC_001224.1	NC_001224.1_RagTag	7.27e-22	110	59	103	83
NC_001224.1	NC_001224.1_RagTag	7.27e-22	110	59	354	83
NC_001224.1	NC_001224.1_RagTag	7.27e-22	110	59	343	83
NC_001224.1	NC_001224.1_RagTag	7.27e-22	110	59	199	83
NC_001224.1	NC_001224.1_RagTag	7.27e-22	110	59	212	83
NC_001224.1	NC_001224.1_RagTag	7.27e-22	110	59	267	83
NC_001224.1	NC_001224.1_RagTag	7.27e-22	110	59	173	83
NC_001224.1	NC_001224.1_RagTag	7.27e-22	110	59	189	83
NC_001224.1	NC_001224.1_RagTag	7.27e-22	110	59	104	83
NC_001224.1	NC_001224.1_RagTag	7.27e-22	110	59	171	83
NC_001224.1	NC_001224.1_RagTag	7.27e-22	110	59	194	83
NC_001224.1	NC_001224.1_RagTag	7.27e-22	110	59	223	83
NC_001224.1	NC_001224.1_RagTag	7.27e-22	110	59	176	83
NC_001224.1	NC_001224.1_RagTag	7.27e-22	110	59	101	83
NC_001224.1	NC_001224.1_RagTag	2.62e-21	108	58	179	83
NC_001224.1	NC_001224.1_RagTag	2.62e-21	108	58	95	83
NC_001224.1	NC_001224.1_RagTag	2.62e-21	108	58	232	83
NC_001224.1	NC_001224.1_RagTag	2.62e-21	108	58	218	83
NC_001224.1	NC_001224.1_RagTag	2.62e-21	108	58	152	83
NC_001224.1	NC_001224.1_RagTag	2.62e-21	108	58	126	83
NC_001224.1	NC_001224.1_RagTag	2.62e-21	108	58	514	83
NC_001224.1	NC_001224.1_RagTag	2.62e-21	108	58	98	83
NC_001224.1	NC_001224.1_RagTag	2.62e-21	108	58	141	83
NC_001224.1	NC_001224.1_RagTag	2.62e-21	108	58	118	83
NC_001224.1	NC_001224.1_RagTag	2.62e-21	108	58	507	83
NC_001224.1	NC_001224.1_RagTag	2.62e-21	108	58	164	83
NC_001224.1	NC_001224.1_RagTag	2.62e-21	108	58	353	83
NC_001224.1	NC_001224.1_RagTag	2.62e-21	108	58	335	83
NC_001224.1	NC_001224.1_RagTag	2.62e-21	108	58	71	83
NC_001224.1	NC_001224.1_RagTag	2.62e-21	108	58	141	83
NC_001224.1	NC_001224.1_RagTag	2.62e-21	108	58	237	83
NC_001224.1	NC_001224.1_RagTag	2.62e-21	108	58	107	83
NC_001224.1	NC_001224.1_RagTag	2.62e-21	108	58	103	83
NC_001224.1	NC_001224.1_RagTag	2.62e-21	108	58	674	83
NC_001224.1	NC_001224.1_RagTag	2.62e-21	108	58	155	83
NC_001224.1	NC_001224.1_RagTag	2.62e-21	108	58	189	83
NC_001224.1	NC_001224.1_RagTag	2.62e-21	108	58	317	83
NC_001224.1	NC_001224.1_RagTag	2.62e-21	108	58	213	83
NC_001224.1	NC_001224.1_RagTag	2.62e-21	108	58	228	83
NC_001224.1	NC_001224.1_RagTag	2.62e-21	108	58	125	83
NC_001224.1	NC_001224.1_RagTag	2.62e-21	108	58	99	83
NC_001224.1	NC_001224.1_RagTag	2.62e-21	108	58	470	83
NC_001224.1	NC_001224.1_RagTag	2.62e-21	108	58	188	83
NC_001224.1	NC_001224.1_RagTag	2.62e-21	108	58	172	83
NC_001224.1	NC_001224.1_RagTag	2.62e-21	108	58	109	83
NC_001224.1	NC_001224.1_RagTag	2.62e-21	108	58	223	83
NC_001224.1	NC_001224.1_RagTag	2.62e-21	108	58	91	83
NC_001224.1	NC_001224.1_RagTag	2.62e-21	108	58	122	83
NC_001224.1	NC_001224.1_RagTag	2.62e-21	108	58	116	83
NC_001224.1	NC_001224.1_RagTag	2.62e-21	108	58	164	83
NC_001224.1	NC_001224.1_RagTag	2.62e-21	108	58	285	83
NC_001224.1	NC_001224.1_RagTag	2.62e-21	108	58	178	83
NC_001224.1	NC_001224.1_RagTag	2.62e-21	108	58	77	83
NC_001224.1	NC_001224.1_RagTag	9.41e-21	106	57	127	83
NC_001224.1	NC_001224.1_RagTag	9.41e-21	106	57	237	83
NC_001224.1	NC_001224.1_RagTag	9.41e-21	106	57	76	83
NC_001224.1	NC_001224.1_RagTag	9.41e-21	106	57	147	83
NC_001224.1	NC_001224.1_RagTag	9.41e-21	106	57	235	83
NC_001224.1	NC_001224.1_RagTag	9.41e-21	106	57	162	83
NC_001224.1	NC_001224.1_RagTag	9.41e-21	106	57	170	83
NC_001224.1	NC_001224.1_RagTag	9.41e-21	106	57	71	83
NC_001224.1	NC_001224.1_RagTag	9.41e-21	106	57	109	83
NC_001224.1	NC_001224.1_RagTag	9.41e-21	106	57	100	83
NC_001224.1	NC_001224.1_RagTag	9.41e-21	106	57	323	83
NC_001224.1	NC_001224.1_RagTag	9.41e-21	106	57	96	83
NC_001224.1	NC_001224.1_RagTag	9.41e-21	106	57	89	83
NC_001224.1	NC_001224.1_RagTag	9.41e-21	106	57	351	83
NC_001224.1	NC_001224.1_RagTag	9.41e-21	106	57	146	83
NC_001224.1	NC_001224.1_RagTag	9.41e-21	106	57	182	83
NC_001224.1	NC_001224.1_RagTag	9.41e-21	106	57	120	83
NC_001224.1	NC_001224.1_RagTag	9.41e-21	106	57	159	83
NC_001224.1	NC_001224.1_RagTag	9.41e-21	106	57	120	83
NC_001224.1	NC_001224.1_RagTag	9.41e-21	106	57	555	83
NC_001224.1	NC_001224.1_RagTag	9.41e-21	106	57	108	83
NC_001224.1	NC_001224.1_RagTag	9.41e-21	106	57	160	83
NC_001224.1	NC_001224.1_RagTag	9.41e-21	106	57	163	83
NC_001224.1	NC_001224.1_RagTag	9.41e-21	106	57	183	83
NC_001224.1	NC_001224.1_RagTag	9.41e-21	106	57	166	83
NC_001224.1	NC_001224.1_RagTag	9.41e-21	106	57	507	83
NC_001224.1	NC_001224.1_RagTag	9.41e-21	106	57	272	83
NC_001224.1	NC_001224.1_RagTag	3.38e-20	104	56	186	83
NC_001224.1	NC_001224.1_RagTag	3.38e-20	104	56	66	83
NC_001224.1	NC_001224.1_RagTag	3.38e-20	104	56	121	83
NC_001224.1	NC_001224.1_RagTag	3.38e-20	104	56	221	83
NC_001224.1	NC_001224.1_RagTag	3.38e-20	104	56	451	83
NC_001224.1	NC_001224.1_RagTag	3.38e-20	104	56	178	83
NC_001224.1	NC_001224.1_RagTag	3.38e-20	104	56	147	83
NC_001224.1	NC_001224.1_RagTag	3.38e-20	104	56	509	83
NC_001224.1	NC_001224.1_RagTag	3.38e-20	104	56	138	83
NC_001224.1	NC_001224.1_RagTag	3.38e-20	104	56	154	83
NC_001224.1	NC_001224.1_RagTag	3.38e-20	104	56	230	83
NC_001224.1	NC_001224.1_RagTag	3.38e-20	104	56	172	83
NC_001224.1	NC_001224.1_RagTag	3.38e-20	104	56	98	83
NC_001224.1	NC_001224.1_RagTag	3.38e-20	104	56	235	83
NC_001224.1	NC_001224.1_RagTag	3.38e-20	104	56	109	83
NC_001224.1	NC_001224.1_RagTag	3.38e-20	104	56	110	83
NC_001224.1	NC_001224.1_RagTag	3.38e-20	104	56	331	83
NC_001224.1	NC_001224.1_RagTag	3.38e-20	104	56	111	83
NC_001224.1	NC_001224.1_RagTag	3.38e-20	104	56	237	83
NC_001224.1	NC_001224.1_RagTag	3.38e-20	104	56	144	83
NC_001224.1	NC_001224.1_RagTag	3.38e-20	104	56	101	83
NC_001224.1	NC_001224.1_RagTag	3.38e-20	104	56	128	83
NC_001224.1	NC_001224.1_RagTag	3.38e-20	104	56	108	83
NC_001224.1	NC_001224.1_RagTag	3.38e-20	104	56	103	83
NC_001224.1	NC_001224.1_RagTag	3.38e-20	104	56	134	83
NC_001224.1	NC_001224.1_RagTag	3.38e-20	104	56	98	83
NC_001224.1	NC_001224.1_RagTag	3.38e-20	104	56	353	83
NC_001224.1	NC_001224.1_RagTag	3.38e-20	104	56	191	83
NC_001224.1	NC_001224.1_RagTag	3.38e-20	104	56	183	83
NC_001224.1	NC_001224.1_RagTag	3.38e-20	104	56	283	83
NC_001224.1	NC_001224.1_RagTag	3.38e-20	104	56	80	83
NC_001224.1	NC_001224.1_RagTag	3.38e-20	104	56	105	83
NC_001224.1	NC_001224.1_RagTag	3.38e-20	104	56	66	83
NC_001224.1	NC_001224.1_RagTag	3.38e-20	104	56	252	83
NC_001224.1	NC_001224.1_RagTag	3.38e-20	104	56	256	83
NC_001224.1	NC_001224.1_RagTag	3.38e-20	104	56	172	83
NC_001224.1	NC_001224.1_RagTag	3.38e-20	104	56	122	83
NC_001224.1	NC_001224.1_RagTag	3.38e-20	104	56	125	83
NC_001224.1	NC_001224.1_RagTag	3.38e-20	104	56	88	83
NC_001224.1	NC_001224.1_RagTag	1.22e-19	102	55	77	83
NC_001224.1	NC_001224.1_RagTag	1.22e-19	102	55	260	83
NC_001224.1	NC_001224.1_RagTag	1.22e-19	102	55	191	83
NC_001224.1	NC_001224.1_RagTag	1.22e-19	102	55	251	83
NC_001224.1	NC_001224.1_RagTag	1.22e-19	102	55	74	83
NC_001224.1	NC_001224.1_RagTag	1.22e-19	102	55	165	83
NC_001224.1	NC_001224.1_RagTag	1.22e-19	102	55	118	83
NC_001224.1	NC_001224.1_RagTag	1.22e-19	102	55	61	83
NC_001224.1	NC_001224.1_RagTag	1.22e-19	102	55	420	83
NC_001224.1	NC_001224.1_RagTag	1.22e-19	102	55	243	83
NC_001224.1	NC_001224.1_RagTag	1.22e-19	102	55	118	83
NC_001224.1	NC_001224.1_RagTag	1.22e-19	102	55	248	83
NC_001224.1	NC_001224.1_RagTag	1.22e-19	102	55	179	83
NC_001224.1	NC_001224.1_RagTag	1.22e-19	102	55	133	83
NC_001224.1	NC_001224.1_RagTag	1.22e-19	102	55	177	83
NC_001224.1	NC_001224.1_RagTag	1.22e-19	102	55	138	83
NC_001224.1	NC_001224.1_RagTag	1.22e-19	102	55	75	83
NC_001224.1	NC_001224.1_RagTag	1.22e-19	102	55	71	83
NC_001224.1	NC_001224.1_RagTag	1.22e-19	102	55	68	83
NC_001224.1	NC_001224.1_RagTag	1.22e-19	102	55	211	83
NC_001224.1	NC_001224.1_RagTag	1.22e-19	102	55	225	83
NC_001224.1	NC_001224.1_RagTag	1.22e-19	102	55	128	83
NC_001224.1	NC_001224.1_RagTag	1.22e-19	102	55	107	83
NC_001224.1	NC_001224.1_RagTag	1.22e-19	102	55	85	83
NC_001224.1	NC_001224.1_RagTag	1.22e-19	102	55	247	83
NC_001224.1	NC_001224.1_RagTag	1.22e-19	102	55	94	83
NC_001224.1	NC_001224.1_RagTag	1.22e-19	102	55	170	83
NC_001224.1	NC_001224.1_RagTag	1.22e-19	102	55	89	83
NC_001224.1	NC_001224.1_RagTag	1.22e-19	102	55	110	83
NC_001224.1	NC_001224.1_RagTag	1.22e-19	102	55	338	83
NC_001224.1	NC_001224.1_RagTag	1.22e-19	102	55	198	83
NC_001224.1	NC_001224.1_RagTag	1.22e-19	102	55	74	83
NC_001224.1	NC_001224.1_RagTag	1.22e-19	102	55	162	83
NC_001224.1	NC_001224.1_RagTag	1.22e-19	102	55	211	83
NC_001224.1	NC_001224.1_RagTag	4.38e-19	100	54	183	83
NC_001224.1	NC_001224.1_RagTag	4.38e-19	100	54	112	83
NC_001224.1	NC_001224.1_RagTag	4.38e-19	100	54	87	83
NC_001224.1	NC_001224.1_RagTag	4.38e-19	100	54	233	83
NC_001224.1	NC_001224.1_RagTag	4.38e-19	100	54	73	83
NC_001224.1	NC_001224.1_RagTag	4.38e-19	100	54	99	83
NC_001224.1	NC_001224.1_RagTag	4.38e-19	100	54	352	83
NC_001224.1	NC_001224.1_RagTag	4.38e-19	100	54	68	83
NC_001224.1	NC_001224.1_RagTag	4.38e-19	100	54	166	83
NC_001224.1	NC_001224.1_RagTag	4.38e-19	100	54	136	83
NC_001224.1	NC_001224.1_RagTag	4.38e-19	100	54	267	83
NC_001224.1	NC_001224.1_RagTag	4.38e-19	100	54	60	83
NC_001224.1	NC_001224.1_RagTag	4.38e-19	100	54	81	83
NC_001224.1	NC_001224.1_RagTag	4.38e-19	100	54	89	83
NC_001224.1	NC_001224.1_RagTag	4.38e-19	100	54	173	83
NC_001224.1	NC_001224.1_RagTag	4.38e-19	100	54	108	83
NC_001224.1	NC_001224.1_RagTag	4.38e-19	100	54	133	83
NC_001224.1	NC_001224.1_RagTag	4.38e-19	100	54	74	83
NC_001224.1	NC_001224.1_RagTag	4.38e-19	100	54	507	83
NC_001224.1	NC_001224.1_RagTag	4.38e-19	100	54	133	83
NC_001224.1	NC_001224.1_RagTag	4.38e-19	100	54	403	83
NC_001224.1	NC_001224.1_RagTag	4.38e-19	100	54	110	83
NC_001224.1	NC_001224.1_RagTag	4.38e-19	100	54	341	83
NC_001224.1	NC_001224.1_RagTag	4.38e-19	100	54	200	83
NC_001224.1	NC_001224.1_RagTag	4.38e-19	100	54	216	83
NC_001224.1	NC_001224.1_RagTag	4.38e-19	100	54	68	83
NC_001224.1	NC_001224.1_RagTag	4.38e-19	100	54	267	83
NC_001224.1	NC_001224.1_RagTag	4.38e-19	100	54	153	83
NC_001224.1	NC_001224.1_RagTag	4.38e-19	100	54	131	83
NC_001224.1	NC_001224.1_RagTag	4.38e-19	100	54	106	83
NC_001224.1	NC_001224.1_RagTag	4.38e-19	100	54	106	83
NC_001224.1	NC_001224.1_RagTag	4.38e-19	100	54	79	83
NC_001224.1	NC_001224.1_RagTag	4.38e-19	100	54	103	83
NC_001224.1	NC_001224.1_RagTag	4.38e-19	100	54	83	83
NC_001224.1	NC_001224.1_RagTag	4.38e-19	100	54	70	83
NC_001224.1	NC_001224.1_RagTag	4.38e-19	100	54	89	83
NC_001224.1	NC_001224.1_RagTag	4.38e-19	100	54	68	83
NC_001224.1	NC_001224.1_RagTag	4.38e-19	100	54	209	83
NC_001224.1	NC_001224.1_RagTag	4.38e-19	100	54	91	83
NC_001224.1	NC_001224.1_RagTag	4.38e-19	100	54	105	83
NC_001224.1	NC_001224.1_RagTag	1.57e-18	99.0	53	111	83
NC_001224.1	NC_001224.1_RagTag	1.57e-18	99.0	53	227	83
NC_001224.1	NC_001224.1_RagTag	1.57e-18	99.0	53	236	83
NC_001224.1	NC_001224.1_RagTag	1.57e-18	99.0	53	235	83
NC_001224.1	NC_001224.1_RagTag	1.57e-18	99.0	53	82	83
NC_001224.1	NC_001224.1_RagTag	1.57e-18	99.0	53	101	83
NC_001224.1	NC_001224.1_RagTag	1.57e-18	99.0	53	73	83
NC_001224.1	NC_001224.1_RagTag	1.57e-18	99.0	53	75	83
NC_001224.1	NC_001224.1_RagTag	1.57e-18	99.0	53	253	83
NC_001224.1	NC_001224.1_RagTag	1.57e-18	99.0	53	117	83
NC_001224.1	NC_001224.1_RagTag	1.57e-18	99.0	53	194	83
NC_001224.1	NC_001224.1_RagTag	1.57e-18	99.0	53	103	83
NC_001224.1	NC_001224.1_RagTag	1.57e-18	99.0	53	170	83
NC_001224.1	NC_001224.1_RagTag	1.57e-18	99.0	53	137	83
NC_001224.1	NC_001224.1_RagTag	1.57e-18	99.0	53	86	83
NC_001224.1	NC_001224.1_RagTag	1.57e-18	99.0	53	56	83
NC_001224.1	NC_001224.1_RagTag	1.57e-18	99.0	53	276	83
NC_001224.1	NC_001224.1_RagTag	1.57e-18	99.0	53	115	83
NC_001224.1	NC_001224.1_RagTag	1.57e-18	99.0	53	73	83
NC_001224.1	NC_001224.1_RagTag	1.57e-18	99.0	53	75	83
NC_001224.1	NC_001224.1_RagTag	1.57e-18	99.0	53	104	83
NC_001224.1	NC_001224.1_RagTag	1.57e-18	99.0	53	254	83
NC_001224.1	NC_001224.1_RagTag	1.57e-18	99.0	53	76	83
NC_001224.1	NC_001224.1_RagTag	1.57e-18	99.0	53	206	83
NC_001224.1	NC_001224.1_RagTag	1.57e-18	99.0	53	183	83
NC_001224.1	NC_001224.1_RagTag	1.57e-18	99.0	53	164	83
NC_001224.1	NC_001224.1_RagTag	1.57e-18	99.0	53	173	83
NC_001224.1	NC_001224.1_RagTag	1.57e-18	99.0	53	115	83
NC_001224.1	NC_001224.1_RagTag	1.57e-18	99.0	53	134	83
NC_001224.1	NC_001224.1_RagTag	1.57e-18	99.0	53	122	83
NC_001224.1	NC_001224.1_RagTag	1.57e-18	99.0	53	109	83
NC_001224.1	NC_001224.1_RagTag	1.57e-18	99.0	53	172	83
NC_001224.1	NC_001224.1_RagTag	1.57e-18	99.0	53	109	83
NC_001224.1	NC_001224.1_RagTag	1.57e-18	99.0	53	87	83
NC_001224.1	NC_001224.1_RagTag	1.57e-18	99.0	53	82	83
NC_001224.1	NC_001224.1_RagTag	1.57e-18	99.0	53	162	83
NC_001224.1	NC_001224.1_RagTag	1.57e-18	99.0	53	468	83
NC_001224.1	NC_001224.1_RagTag	1.57e-18	99.0	53	119	83
NC_001224.1	NC_001224.1_RagTag	1.57e-18	99.0	53	442	83
NC_001224.1	NC_001224.1_RagTag	1.57e-18	99.0	53	157	83
NC_001224.1	NC_001224.1_RagTag	1.57e-18	99.0	53	146	83
NC_001224.1	NC_001224.1_RagTag	1.57e-18	99.0	53	105	83
NC_001224.1	NC_001224.1_RagTag	1.57e-18	99.0	53	116	83
NC_001224.1	NC_001224.1_RagTag	5.66e-18	97.1	52	246	83
NC_001224.1	NC_001224.1_RagTag	5.66e-18	97.1	52	196	83
NC_001224.1	NC_001224.1_RagTag	5.66e-18	97.1	52	82	83
NC_001224.1	NC_001224.1_RagTag	5.66e-18	97.1	52	75	83
NC_001224.1	NC_001224.1_RagTag	5.66e-18	97.1	52	142	83
NC_001224.1	NC_001224.1_RagTag	5.66e-18	97.1	52	136	83
NC_001224.1	NC_001224.1_RagTag	5.66e-18	97.1	52	146	83
NC_001224.1	NC_001224.1_RagTag	5.66e-18	97.1	52	237	83
NC_001224.1	NC_001224.1_RagTag	5.66e-18	97.1	52	198	83
NC_001224.1	NC_001224.1_RagTag	5.66e-18	97.1	52	144	83
NC_001224.1	NC_001224.1_RagTag	5.66e-18	97.1	52	437	83
NC_001224.1	NC_001224.1_RagTag	5.66e-18	97.1	52	81	83
NC_001224.1	NC_001224.1_RagTag	5.66e-18	97.1	52	259	83
NC_001224.1	NC_001224.1_RagTag	5.66e-18	97.1	52	78	83
NC_001224.1	NC_001224.1_RagTag	5.66e-18	97.1	52	70	83
NC_001224.1	NC_001224.1_RagTag	5.66e-18	97.1	52	68	83
NC_001224.1	NC_001224.1_RagTag	5.66e-18	97.1	52	62	83
NC_001224.1	NC_001224.1_RagTag	5.66e-18	97.1	52	55	83
NC_001224.1	NC_001224.1_RagTag	5.66e-18	97.1	52	169	83
NC_001224.1	NC_001224.1_RagTag	5.66e-18	97.1	52	161	83
NC_001224.1	NC_001224.1_RagTag	5.66e-18	97.1	52	153	83
NC_001224.1	NC_001224.1_RagTag	5.66e-18	97.1	52	138	83
NC_001224.1	NC_001224.1_RagTag	5.66e-18	97.1	52	95	83
NC_001224.1	NC_001224.1_RagTag	5.66e-18	97.1	52	85	83
NC_001224.1	NC_001224.1_RagTag	5.66e-18	97.1	52	75	83
NC_001224.1	NC_001224.1_RagTag	5.66e-18	97.1	52	149	83
NC_001224.1	NC_001224.1_RagTag	5.66e-18	97.1	52	158	83
NC_001224.1	NC_001224.1_RagTag	5.66e-18	97.1	52	196	83
NC_001224.1	NC_001224.1_RagTag	5.66e-18	97.1	52	78	83
NC_001224.1	NC_001224.1_RagTag	5.66e-18	97.1	52	141	83
NC_001224.1	NC_001224.1_RagTag	5.66e-18	97.1	52	108	83
NC_001224.1	NC_001224.1_RagTag	5.66e-18	97.1	52	101	83
NC_001224.1	NC_001224.1_RagTag	5.66e-18	97.1	52	111	83
NC_001224.1	NC_001224.1_RagTag	5.66e-18	97.1	52	74	83
NC_001224.1	NC_001224.1_RagTag	5.66e-18	97.1	52	138	83
NC_001224.1	NC_001224.1_RagTag	5.66e-18	97.1	52	101	83
NC_001224.1	NC_001224.1_RagTag	5.66e-18	97.1	52	212	83
NC_001224.1	NC_001224.1_RagTag	5.66e-18	97.1	52	162	83
NC_001224.1	NC_001224.1_RagTag	5.66e-18	97.1	52	104	83
NC_001224.1	NC_001224.1_RagTag	5.66e-18	97.1	52	97	83
NC_001224.1	NC_001224.1_RagTag	5.66e-18	97.1	52	119	83
NC_001224.1	NC_001224.1_RagTag	5.66e-18	97.1	52	68	83
NC_001224.1	NC_001224.1_RagTag	5.66e-18	97.1	52	94	83
NC_001224.1	NC_001224.1_RagTag	5.66e-18	97.1	52	94	83
NC_001224.1	NC_001224.1_RagTag	5.66e-18	97.1	52	114	83
NC_001224.1	NC_001224.1_RagTag	5.66e-18	97.1	52	81	83
NC_001224.1	NC_001224.1_RagTag	5.66e-18	97.1	52	150	83
NC_001224.1	NC_001224.1_RagTag	5.66e-18	97.1	52	130	83
NC_001224.1	NC_001224.1_RagTag	5.66e-18	97.1	52	94	83
NC_001224.1	NC_001224.1_RagTag	5.66e-18	97.1	52	353	83
NC_001224.1	NC_001224.1_RagTag	5.66e-18	97.1	52	211	83
NC_001224.1	NC_001224.1_RagTag	5.66e-18	97.1	52	128	83
NC_001224.1	NC_001224.1_RagTag	5.66e-18	97.1	52	82	83
NC_001224.1	NC_001224.1_RagTag	5.66e-18	97.1	52	89	83
NC_001224.1	NC_001224.1_RagTag	5.66e-18	97.1	52	120	83
NC_001224.1	NC_001224.1_RagTag	2.04e-17	95.3	51	68	83
NC_001224.1	NC_001224.1_RagTag	2.04e-17	95.3	51	200	83
NC_001224.1	NC_001224.1_RagTag	2.04e-17	95.3	51	61	83
NC_001224.1	NC_001224.1_RagTag	2.04e-17	95.3	51	241	83
NC_001224.1	NC_001224.1_RagTag	2.04e-17	95.3	51	155	83
NC_001224.1	NC_001224.1_RagTag	2.04e-17	95.3	51	87	83
NC_001224.1	NC_001224.1_RagTag	2.04e-17	95.3	51	133	83
NC_001224.1	NC_001224.1_RagTag	2.04e-17	95.3	51	117	83
NC_001224.1	NC_001224.1_RagTag	2.04e-17	95.3	51	123	83
NC_001224.1	NC_001224.1_RagTag	2.04e-17	95.3	51	86	83
NC_001224.1	NC_001224.1_RagTag	2.04e-17	95.3	51	84	83
NC_001224.1	NC_001224.1_RagTag	2.04e-17	95.3	51	316	83
NC_001224.1	NC_001224.1_RagTag	2.04e-17	95.3	51	118	83
NC_001224.1	NC_001224.1_RagTag	2.04e-17	95.3	51	58	83
NC_001224.1	NC_001224.1_RagTag	2.04e-17	95.3	51	384	83
NC_001224.1	NC_001224.1_RagTag	2.04e-17	95.3	51	395	83
NC_001224.1	NC_001224.1_RagTag	2.04e-17	95.3	51	163	83
NC_001224.1	NC_001224.1_RagTag	2.04e-17	95.3	51	116	83
NC_001224.1	NC_001224.1_RagTag	2.04e-17	95.3	51	144	83
NC_001224.1	NC_001224.1_RagTag	2.04e-17	95.3	51	103	83
NC_001224.1	NC_001224.1_RagTag	2.04e-17	95.3	51	95	83
NC_001224.1	NC_001224.1_RagTag	2.04e-17	95.3	51	95	83
NC_001224.1	NC_001224.1_RagTag	2.04e-17	95.3	51	67	83
NC_001224.1	NC_001224.1_RagTag	2.04e-17	95.3	51	83	83
NC_001224.1	NC_001224.1_RagTag	2.04e-17	95.3	51	71	83
NC_001224.1	NC_001224.1_RagTag	2.04e-17	95.3	51	127	83
NC_001224.1	NC_001224.1_RagTag	2.04e-17	95.3	51	72	83
NC_001224.1	NC_001224.1_RagTag	2.04e-17	95.3	51	343	83
NC_001224.1	NC_001224.1_RagTag	2.04e-17	95.3	51	158	83
NC_001224.1	NC_001224.1_RagTag	2.04e-17	95.3	51	158	83
NC_001224.1	NC_001224.1_RagTag	2.04e-17	95.3	51	778	83
NC_001224.1	NC_001224.1_RagTag	2.04e-17	95.3	51	103	83
NC_001224.1	NC_001224.1_RagTag	2.04e-17	95.3	51	90	83
NC_001224.1	NC_001224.1_RagTag	2.04e-17	95.3	51	237	83
NC_001224.1	NC_001224.1_RagTag	2.04e-17	95.3	51	135	83
NC_001224.1	NC_001224.1_RagTag	2.04e-17	95.3	51	85	83
NC_001224.1	NC_001224.1_RagTag	2.04e-17	95.3	51	81	83
NC_001224.1	NC_001224.1_RagTag	2.04e-17	95.3	51	81	83
NC_001224.1	NC_001224.1_RagTag	2.04e-17	95.3	51	103	83
NC_001224.1	NC_001224.1_RagTag	2.04e-17	95.3	51	219	83
NC_001224.1	NC_001224.1_RagTag	2.04e-17	95.3	51	90	83
NC_001224.1	NC_001224.1_RagTag	2.04e-17	95.3	51	77	83
NC_001224.1	NC_001224.1_RagTag	2.04e-17	95.3	51	134	83
NC_001224.1	NC_001224.1_RagTag	7.32e-17	93.5	50	72	83
NC_001224.1	NC_001224.1_RagTag	7.32e-17	93.5	50	77	83
NC_001224.1	NC_001224.1_RagTag	7.32e-17	93.5	50	82	83
NC_001224.1	NC_001224.1_RagTag	7.32e-17	93.5	50	80	83
NC_001224.1	NC_001224.1_RagTag	7.32e-17	93.5	50	151	83
NC_001224.1	NC_001224.1_RagTag	7.32e-17	93.5	50	83	83
NC_001224.1	NC_001224.1_RagTag	7.32e-17	93.5	50	66	83
NC_001224.1	NC_001224.1_RagTag	7.32e-17	93.5	50	102	83
NC_001224.1	NC_001224.1_RagTag	7.32e-17	93.5	50	107	83
NC_001224.1	NC_001224.1_RagTag	7.32e-17	93.5	50	365	83
NC_001224.1	NC_001224.1_RagTag	7.32e-17	93.5	50	106	83
NC_001224.1	NC_001224.1_RagTag	7.32e-17	93.5	50	282	83
NC_001224.1	NC_001224.1_RagTag	7.32e-17	93.5	50	127	83
NC_001224.1	NC_001224.1_RagTag	7.32e-17	93.5	50	91	83
NC_001224.1	NC_001224.1_RagTag	7.32e-17	93.5	50	129	83
NC_001224.1	NC_001224.1_RagTag	7.32e-17	93.5	50	66	83
NC_001224.1	NC_001224.1_RagTag	7.32e-17	93.5	50	580	83
NC_001224.1	NC_001224.1_RagTag	7.32e-17	93.5	50	225	83
NC_001224.1	NC_001224.1_RagTag	7.32e-17	93.5	50	80	83
NC_001224.1	NC_001224.1_RagTag	7.32e-17	93.5	50	90	83
NC_001224.1	NC_001224.1_RagTag	7.32e-17	93.5	50	239	83
NC_001224.1	NC_001224.1_RagTag	7.32e-17	93.5	50	239	83
NC_001224.1	NC_001224.1_RagTag	7.32e-17	93.5	50	294	83
NC_001224.1	NC_001224.1_RagTag	7.32e-17	93.5	50	109	83
NC_001224.1	NC_001224.1_RagTag	7.32e-17	93.5	50	53	83
NC_001224.1	NC_001224.1_RagTag	7.32e-17	93.5	50	221	83
NC_001224.1	NC_001224.1_RagTag	2.63e-16	91.6	49	97	83
NC_001224.1	NC_001224.1_RagTag	2.63e-16	91.6	49	91	83
NC_001224.1	NC_001224.1_RagTag	2.63e-16	91.6	49	62	83
NC_001224.1	NC_001224.1_RagTag	2.63e-16	91.6	49	72	83
NC_001224.1	NC_001224.1_RagTag	2.63e-16	91.6	49	145	83
NC_001224.1	NC_001224.1_RagTag	2.63e-16	91.6	49	84	83
NC_001224.1	NC_001224.1_RagTag	2.63e-16	91.6	49	74	83
NC_001224.1	NC_001224.1_RagTag	2.63e-16	91.6	49	555	83
NC_001224.1	NC_001224.1_RagTag	2.63e-16	91.6	49	133	83
NC_001224.1	NC_001224.1_RagTag	2.63e-16	91.6	49	245	83
NC_001224.1	NC_001224.1_RagTag	2.63e-16	91.6	49	104	83
NC_001224.1	NC_001224.1_RagTag	2.63e-16	91.6	49	69	83
NC_001224.1	NC_001224.1_RagTag	2.63e-16	91.6	49	106	83
NC_001224.1	NC_001224.1_RagTag	2.63e-16	91.6	49	71	83
NC_001224.1	NC_001224.1_RagTag	2.63e-16	91.6	49	62	83
NC_001224.1	NC_001224.1_RagTag	2.63e-16	91.6	49	383	83
NC_001224.1	NC_001224.1_RagTag	2.63e-16	91.6	49	114	83
NC_001224.1	NC_001224.1_RagTag	2.63e-16	91.6	49	78	83
NC_001224.1	NC_001224.1_RagTag	2.63e-16	91.6	49	137	83
NC_001224.1	NC_001224.1_RagTag	2.63e-16	91.6	49	87	83
NC_001224.1	NC_001224.1_RagTag	2.63e-16	91.6	49	68	83
NC_001224.1	NC_001224.1_RagTag	2.63e-16	91.6	49	200	83
NC_001224.1	NC_001224.1_RagTag	2.63e-16	91.6	49	107	83
NC_001224.1	NC_001224.1_RagTag	2.63e-16	91.6	49	94	83
NC_001224.1	NC_001224.1_RagTag	2.63e-16	91.6	49	119	83
NC_001224.1	NC_001224.1_RagTag	2.63e-16	91.6	49	264	83
NC_001224.1	NC_001224.1_RagTag	2.63e-16	91.6	49	90	83
NC_001224.1	NC_001224.1_RagTag	2.63e-16	91.6	49	78	83
NC_001224.1	NC_001224.1_RagTag	2.63e-16	91.6	49	350	83
NC_001224.1	NC_001224.1_RagTag	2.63e-16	91.6	49	75	83
NC_001224.1	NC_001224.1_RagTag	2.63e-16	91.6	49	123	83
NC_001224.1	NC_001224.1_RagTag	2.63e-16	91.6	49	116	83
NC_001224.1	NC_001224.1_RagTag	2.63e-16	91.6	49	117	83
NC_001224.1	NC_001224.1_RagTag	2.63e-16	91.6	49	71	83
NC_001224.1	NC_001224.1_RagTag	2.63e-16	91.6	49	97	83
NC_001224.1	NC_001224.1_RagTag	2.63e-16	91.6	49	116	83
NC_001224.1	NC_001224.1_RagTag	2.63e-16	91.6	49	80	83
NC_001224.1	NC_001224.1_RagTag	2.63e-16	91.6	49	87	83
NC_001224.1	NC_001224.1_RagTag	2.63e-16	91.6	49	75	83
NC_001224.1	NC_001224.1_RagTag	2.63e-16	91.6	49	116	83
NC_001224.1	NC_001224.1_RagTag	2.63e-16	91.6	49	107	83
NC_001224.1	NC_001224.1_RagTag	2.63e-16	91.6	49	87	83
NC_001224.1	NC_001224.1_RagTag	2.63e-16	91.6	49	110	83
NC_001224.1	NC_001224.1_RagTag	2.63e-16	91.6	49	78	83
NC_001224.1	NC_001224.1_RagTag	2.63e-16	91.6	49	107	83
NC_001224.1	NC_001224.1_RagTag	2.63e-16	91.6	49	226	83
NC_001224.1	NC_001224.1_RagTag	2.63e-16	91.6	49	102	83
NC_001224.1	NC_001224.1_RagTag	2.63e-16	91.6	49	111	83
NC_001224.1	NC_001224.1_RagTag	2.63e-16	91.6	49	115	83
NC_001224.1	NC_001224.1_RagTag	9.48e-16	89.8	48	153	83
NC_001224.1	NC_001224.1_RagTag	9.48e-16	89.8	48	48	83
NC_001224.1	NC_001224.1_RagTag	9.48e-16	89.8	48	353	83
NC_001224.1	NC_001224.1_RagTag	9.48e-16	89.8	48	218	83
NC_001224.1	NC_001224.1_RagTag	9.48e-16	89.8	48	145	83
NC_001224.1	NC_001224.1_RagTag	9.48e-16	89.8	48	84	83
NC_001224.1	NC_001224.1_RagTag	9.48e-16	89.8	48	55	83
NC_001224.1	NC_001224.1_RagTag	9.48e-16	89.8	48	272	83
NC_001224.1	NC_001224.1_RagTag	9.48e-16	89.8	48	62	83
NC_001224.1	NC_001224.1_RagTag	9.48e-16	89.8	48	123	83
NC_001224.1	NC_001224.1_RagTag	9.48e-16	89.8	48	153	83
NC_001224.1	NC_001224.1_RagTag	9.48e-16	89.8	48	85	83
NC_001224.1	NC_001224.1_RagTag	9.48e-16	89.8	48	86	83
NC_001224.1	NC_001224.1_RagTag	9.48e-16	89.8	48	239	83
NC_001224.1	NC_001224.1_RagTag	9.48e-16	89.8	48	116	83
NC_001224.1	NC_001224.1_RagTag	9.48e-16	89.8	48	64	83
NC_001224.1	NC_001224.1_RagTag	9.48e-16	89.8	48	136	83
NC_001224.1	NC_001224.1_RagTag	9.48e-16	89.8	48	136	83
NC_001224.1	NC_001224.1_RagTag	9.48e-16	89.8	48	112	83
NC_001224.1	NC_001224.1_RagTag	9.48e-16	89.8	48	122	83
NC_001224.1	NC_001224.1_RagTag	9.48e-16	89.8	48	154	83
NC_001224.1	NC_001224.1_RagTag	9.48e-16	89.8	48	325	83
NC_001224.1	NC_001224.1_RagTag	9.48e-16	89.8	48	93	83
NC_001224.1	NC_001224.1_RagTag	9.48e-16	89.8	48	120	83
NC_001224.1	NC_001224.1_RagTag	9.48e-16	89.8	48	67	83
NC_001224.1	NC_001224.1_RagTag	9.48e-16	89.8	48	116	83
NC_001224.1	NC_001224.1_RagTag	9.48e-16	89.8	48	75	83
NC_001224.1	NC_001224.1_RagTag	9.48e-16	89.8	48	99	83
NC_001224.1	NC_001224.1_RagTag	9.48e-16	89.8	48	77	83
NC_001224.1	NC_001224.1_RagTag	9.48e-16	89.8	48	57	83
NC_001224.1	NC_001224.1_RagTag	9.48e-16	89.8	48	153	83
NC_001224.1	NC_001224.1_RagTag	9.48e-16	89.8	48	191	83
NC_001224.1	NC_001224.1_RagTag	9.48e-16	89.8	48	118	83
NC_001224.1	NC_001224.1_RagTag	9.48e-16	89.8	48	123	83
NC_001224.1	NC_001224.1_RagTag	9.48e-16	89.8	48	148	83
NC_001224.1	NC_001224.1_RagTag	9.48e-16	89.8	48	212	83
NC_001224.1	NC_001224.1_RagTag	9.48e-16	89.8	48	104	83
NC_001224.1	NC_001224.1_RagTag	9.48e-16	89.8	48	103	83
NC_001224.1	NC_001224.1_RagTag	9.48e-16	89.8	48	98	83
NC_001224.1	NC_001224.1_RagTag	9.48e-16	89.8	48	99	83
NC_001224.1	NC_001224.1_RagTag	9.48e-16	89.8	48	174	83
NC_001224.1	NC_001224.1_RagTag	9.48e-16	89.8	48	120	83
NC_001224.1	NC_001224.1_RagTag	9.48e-16	89.8	48	65	83
NC_001224.1	NC_001224.1_RagTag	9.48e-16	89.8	48	110	83
NC_001224.1	NC_001224.1_RagTag	9.48e-16	89.8	48	153	83
NC_001224.1	NC_001224.1_RagTag	3.41e-15	87.9	47	224	83
NC_001224.1	NC_001224.1_RagTag	3.41e-15	87.9	47	61	83
NC_001224.1	NC_001224.1_RagTag	3.41e-15	87.9	47	56	83
NC_001224.1	NC_001224.1_RagTag	3.41e-15	87.9	47	112	83
NC_001224.1	NC_001224.1_RagTag	3.41e-15	87.9	47	101	83
NC_001224.1	NC_001224.1_RagTag	3.41e-15	87.9	47	258	83
NC_001224.1	NC_001224.1_RagTag	3.41e-15	87.9	47	243	83
NC_001224.1	NC_001224.1_RagTag	3.41e-15	87.9	47	122	83
NC_001224.1	NC_001224.1_RagTag	3.41e-15	87.9	47	88	83
NC_001224.1	NC_001224.1_RagTag	3.41e-15	87.9	47	87	83
NC_001224.1	NC_001224.1_RagTag	3.41e-15	87.9	47	77	83
NC_001224.1	NC_001224.1_RagTag	3.41e-15	87.9	47	120	83
NC_001224.1	NC_001224.1_RagTag	3.41e-15	87.9	47	64	83
NC_001224.1	NC_001224.1_RagTag	3.41e-15	87.9	47	170	83
NC_001224.1	NC_001224.1_RagTag	3.41e-15	87.9	47	245	83
NC_001224.1	NC_001224.1_RagTag	3.41e-15	87.9	47	149	83
NC_001224.1	NC_001224.1_RagTag	3.41e-15	87.9	47	88	83
NC_001224.1	NC_001224.1_RagTag	3.41e-15	87.9	47	73	83
NC_001224.1	NC_001224.1_RagTag	3.41e-15	87.9	47	99	83
NC_001224.1	NC_001224.1_RagTag	3.41e-15	87.9	47	67	83
NC_001224.1	NC_001224.1_RagTag	3.41e-15	87.9	47	86	83
NC_001224.1	NC_001224.1_RagTag	3.41e-15	87.9	47	254	83
NC_001224.1	NC_001224.1_RagTag	3.41e-15	87.9	47	127	83
NC_001224.1	NC_001224.1_RagTag	3.41e-15	87.9	47	140	83
NC_001224.1	NC_001224.1_RagTag	3.41e-15	87.9	47	137	83
NC_001224.1	NC_001224.1_RagTag	3.41e-15	87.9	47	63	83
NC_001224.1	NC_001224.1_RagTag	3.41e-15	87.9	47	86	83
NC_001224.1	NC_001224.1_RagTag	3.41e-15	87.9	47	100	83
NC_001224.1	NC_001224.1_RagTag	3.41e-15	87.9	47	53	83
NC_001224.1	NC_001224.1_RagTag	3.41e-15	87.9	47	88	83
NC_001224.1	NC_001224.1_RagTag	3.41e-15	87.9	47	63	83
NC_001224.1	NC_001224.1_RagTag	3.41e-15	87.9	47	78	83
NC_001224.1	NC_001224.1_RagTag	3.41e-15	87.9	47	51	83
NC_001224.1	NC_001224.1_RagTag	3.41e-15	87.9	47	92	83
NC_001224.1	NC_001224.1_RagTag	3.41e-15	87.9	47	96	83
NC_001224.1	NC_001224.1_RagTag	3.41e-15	87.9	47	61	83
NC_001224.1	NC_001224.1_RagTag	3.41e-15	87.9	47	76	83
NC_001224.1	NC_001224.1_RagTag	3.41e-15	87.9	47	117	83
NC_001224.1	NC_001224.1_RagTag	3.41e-15	87.9	47	98	83
NC_001224.1	NC_001224.1_RagTag	3.41e-15	87.9	47	99	83
NC_001224.1	NC_001224.1_RagTag	3.41e-15	87.9	47	82	83
NC_001224.1	NC_001224.1_RagTag	3.41e-15	87.9	47	68	83
NC_001224.1	NC_001224.1_RagTag	3.41e-15	87.9	47	63	83
NC_001224.1	NC_001224.1_RagTag	3.41e-15	87.9	47	66	83
NC_001224.1	NC_001224.1_RagTag	3.41e-15	87.9	47	76	83
NC_001224.1	NC_001224.1_RagTag	3.41e-15	87.9	47	102	83
NC_001224.1	NC_001224.1_RagTag	3.41e-15	87.9	47	164	83
NC_001224.1	NC_001224.1_RagTag	3.41e-15	87.9	47	102	83
NC_001224.1	NC_001224.1_RagTag	3.41e-15	87.9	47	109	83
NC_001224.1	NC_001224.1_RagTag	3.41e-15	87.9	47	101	83
NC_001224.1	NC_001224.1_RagTag	1.23e-14	86.1	46	133	83
NC_001224.1	NC_001224.1_RagTag	1.23e-14	86.1	46	224	83
NC_001224.1	NC_001224.1_RagTag	1.23e-14	86.1	46	240	83
NC_001224.1	NC_001224.1_RagTag	1.23e-14	86.1	46	64	83
NC_001224.1	NC_001224.1_RagTag	1.23e-14	86.1	46	59	83
NC_001224.1	NC_001224.1_RagTag	1.23e-14	86.1	46	83	83
NC_001224.1	NC_001224.1_RagTag	1.23e-14	86.1	46	81	83
NC_001224.1	NC_001224.1_RagTag	1.23e-14	86.1	46	53	83
NC_001224.1	NC_001224.1_RagTag	1.23e-14	86.1	46	223	83
NC_001224.1	NC_001224.1_RagTag	1.23e-14	86.1	46	225	83
NC_001224.1	NC_001224.1_RagTag	1.23e-14	86.1	46	52	83
NC_001224.1	NC_001224.1_RagTag	1.23e-14	86.1	46	498	83
NC_001224.1	NC_001224.1_RagTag	1.23e-14	86.1	46	124	83
NC_001224.1	NC_001224.1_RagTag	1.23e-14	86.1	46	67	83
NC_001224.1	NC_001224.1_RagTag	1.23e-14	86.1	46	124	83
NC_001224.1	NC_001224.1_RagTag	1.23e-14	86.1	46	78	83
NC_001224.1	NC_001224.1_RagTag	1.23e-14	86.1	46	59	83
NC_001224.1	NC_001224.1_RagTag	1.23e-14	86.1	46	65	83
NC_001224.1	NC_001224.1_RagTag	1.23e-14	86.1	46	218	83
NC_001224.1	NC_001224.1_RagTag	1.23e-14	86.1	46	239	83
NC_001224.1	NC_001224.1_RagTag	1.23e-14	86.1	46	53	83
NC_001224.1	NC_001224.1_RagTag	1.23e-14	86.1	46	137	83
NC_001224.1	NC_001224.1_RagTag	1.23e-14	86.1	46	118	83
NC_001224.1	NC_001224.1_RagTag	1.23e-14	86.1	46	100	83
NC_001224.1	NC_001224.1_RagTag	1.23e-14	86.1	46	85	83
NC_001224.1	NC_001224.1_RagTag	1.23e-14	86.1	46	100	83
NC_001224.1	NC_001224.1_RagTag	1.23e-14	86.1	46	66	83
NC_001224.1	NC_001224.1_RagTag	1.23e-14	86.1	46	49	83
NC_001224.1	NC_001224.1_RagTag	1.23e-14	86.1	46	110	83
NC_001224.1	NC_001224.1_RagTag	1.23e-14	86.1	46	64	83
NC_001224.1	NC_001224.1_RagTag	1.23e-14	86.1	46	71	83
NC_001224.1	NC_001224.1_RagTag	1.23e-14	86.1	46	63	83
NC_001224.1	NC_001224.1_RagTag	1.23e-14	86.1	46	81	83
NC_001224.1	NC_001224.1_RagTag	1.23e-14	86.1	46	134	83
NC_001224.1	NC_001224.1_RagTag	1.23e-14	86.1	46	182	83
NC_001224.1	NC_001224.1_RagTag	1.23e-14	86.1	46	85	83
NC_001224.1	NC_001224.1_RagTag	1.23e-14	86.1	46	64	83
NC_001224.1	NC_001224.1_RagTag	4.41e-14	84.2	45	125	83
NC_001224.1	NC_001224.1_RagTag	4.41e-14	84.2	45	196	83
NC_001224.1	NC_001224.1_RagTag	4.41e-14	84.2	45	208	83
NC_001224.1	NC_001224.1_RagTag	4.41e-14	84.2	45	202	83
NC_001224.1	NC_001224.1_RagTag	4.41e-14	84.2	45	58	83
NC_001224.1	NC_001224.1_RagTag	4.41e-14	84.2	45	200	83
NC_001224.1	NC_001224.1_RagTag	4.41e-14	84.2	45	45	83
NC_001224.1	NC_001224.1_RagTag	4.41e-14	84.2	45	111	83
NC_001224.1	NC_001224.1_RagTag	4.41e-14	84.2	45	86	83
NC_001224.1	NC_001224.1_RagTag	4.41e-14	84.2	45	88	83
NC_001224.1	NC_001224.1_RagTag	4.41e-14	84.2	45	71	83
NC_001224.1	NC_001224.1_RagTag	4.41e-14	84.2	45	45	83
NC_001224.1	NC_001224.1_RagTag	4.41e-14	84.2	45	93	83
NC_001224.1	NC_001224.1_RagTag	4.41e-14	84.2	45	48	83
NC_001224.1	NC_001224.1_RagTag	4.41e-14	84.2	45	84	83
NC_001224.1	NC_001224.1_RagTag	4.41e-14	84.2	45	148	83
NC_001224.1	NC_001224.1_RagTag	4.41e-14	84.2	45	81	83
NC_001224.1	NC_001224.1_RagTag	4.41e-14	84.2	45	135	83
NC_001224.1	NC_001224.1_RagTag	4.41e-14	84.2	45	116	83
NC_001224.1	NC_001224.1_RagTag	4.41e-14	84.2	45	81	83
NC_001224.1	NC_001224.1_RagTag	4.41e-14	84.2	45	84	83
NC_001224.1	NC_001224.1_RagTag	4.41e-14	84.2	45	64	83
NC_001224.1	NC_001224.1_RagTag	4.41e-14	84.2	45	208	83
NC_001224.1	NC_001224.1_RagTag	4.41e-14	84.2	45	48	83
NC_001224.1	NC_001224.1_RagTag	4.41e-14	84.2	45	77	83
NC_001224.1	NC_001224.1_RagTag	4.41e-14	84.2	45	121	83
NC_001224.1	NC_001224.1_RagTag	4.41e-14	84.2	45	83	83
NC_001224.1	NC_001224.1_RagTag	4.41e-14	84.2	45	84	83
NC_001224.1	NC_001224.1_RagTag	4.41e-14	84.2	45	58	83
NC_001224.1	NC_001224.1_RagTag	4.41e-14	84.2	45	77	83
NC_001224.1	NC_001224.1_RagTag	4.41e-14	84.2	45	52	83
NC_001224.1	NC_001224.1_RagTag	4.41e-14	84.2	45	69	83
NC_001224.1	NC_001224.1_RagTag	4.41e-14	84.2	45	121	83
NC_001224.1	NC_001224.1_RagTag	4.41e-14	84.2	45	91	83
NC_001224.1	NC_001224.1_RagTag	4.41e-14	84.2	45	137	83
NC_001224.1	NC_001224.1_RagTag	4.41e-14	84.2	45	74	83
NC_001224.1	NC_001224.1_RagTag	4.41e-14	84.2	45	82	83
NC_001224.1	NC_001224.1_RagTag	4.41e-14	84.2	45	144	83
NC_001224.1	NC_001224.1_RagTag	1.59e-13	82.4	44	63	83
NC_001224.1	NC_001224.1_RagTag	1.59e-13	82.4	44	126	83
NC_001224.1	NC_001224.1_RagTag	1.59e-13	82.4	44	70	83
NC_001224.1	NC_001224.1_RagTag	1.59e-13	82.4	44	44	83
NC_001224.1	NC_001224.1_RagTag	1.59e-13	82.4	44	60	83
NC_001224.1	NC_001224.1_RagTag	1.59e-13	82.4	44	47	83
NC_001224.1	NC_001224.1_RagTag	1.59e-13	82.4	44	99	83
NC_001224.1	NC_001224.1_RagTag	1.59e-13	82.4	44	562	83
NC_001224.1	NC_001224.1_RagTag	1.59e-13	82.4	44	191	83
NC_001224.1	NC_001224.1_RagTag	1.59e-13	82.4	44	350	83
NC_001224.1	NC_001224.1_RagTag	1.59e-13	82.4	44	57	83
NC_001224.1	NC_001224.1_RagTag	1.59e-13	82.4	44	140	83
NC_001224.1	NC_001224.1_RagTag	1.59e-13	82.4	44	350	83
NC_001224.1	NC_001224.1_RagTag	1.59e-13	82.4	44	77	83
NC_001224.1	NC_001224.1_RagTag	1.59e-13	82.4	44	147	83
NC_001224.1	NC_001224.1_RagTag	1.59e-13	82.4	44	70	83
NC_001224.1	NC_001224.1_RagTag	1.59e-13	82.4	44	76	83
NC_001224.1	NC_001224.1_RagTag	1.59e-13	82.4	44	116	83
NC_001224.1	NC_001224.1_RagTag	1.59e-13	82.4	44	82	83
NC_001224.1	NC_001224.1_RagTag	1.59e-13	82.4	44	57	83
NC_001224.1	NC_001224.1_RagTag	1.59e-13	82.4	44	61	83
NC_001224.1	NC_001224.1_RagTag	1.59e-13	82.4	44	64	83
NC_001224.1	NC_001224.1_RagTag	1.59e-13	82.4	44	47	83
NC_001224.1	NC_001224.1_RagTag	1.59e-13	82.4	44	91	83
NC_001224.1	NC_001224.1_RagTag	1.59e-13	82.4	44	51	83
NC_001224.1	NC_001224.1_RagTag	1.59e-13	82.4	44	63	83
NC_001224.1	NC_001224.1_RagTag	1.59e-13	82.4	44	58	83
NC_001224.1	NC_001224.1_RagTag	1.59e-13	82.4	44	78	83
NC_001224.1	NC_001224.1_RagTag	1.59e-13	82.4	44	67	83
NC_001224.1	NC_001224.1_RagTag	1.59e-13	82.4	44	47	83
NC_001224.1	NC_001224.1_RagTag	1.59e-13	82.4	44	53	83
NC_001224.1	NC_001224.1_RagTag	5.70e-13	80.5	43	72	83
NC_001224.1	NC_001224.1_RagTag	5.70e-13	80.5	43	61	83
NC_001224.1	NC_001224.1_RagTag	5.70e-13	80.5	43	49	83
NC_001224.1	NC_001224.1_RagTag	5.70e-13	80.5	43	60	83
NC_001224.1	NC_001224.1_RagTag	5.70e-13	80.5	43	134	83
NC_001224.1	NC_001224.1_RagTag	5.70e-13	80.5	43	63	83
NC_001224.1	NC_001224.1_RagTag	5.70e-13	80.5	43	83	83
NC_001224.1	NC_001224.1_RagTag	5.70e-13	80.5	43	74	83
NC_001224.1	NC_001224.1_RagTag	5.70e-13	80.5	43	56	83
NC_001224.1	NC_001224.1_RagTag	5.70e-13	80.5	43	496	83
NC_001224.1	NC_001224.1_RagTag	5.70e-13	80.5	43	65	83
NC_001224.1	NC_001224.1_RagTag	5.70e-13	80.5	43	55	83
NC_001224.1	NC_001224.1_RagTag	5.70e-13	80.5	43	79	83
NC_001224.1	NC_001224.1_RagTag	5.70e-13	80.5	43	72	83
NC_001224.1	NC_001224.1_RagTag	5.70e-13	80.5	43	144	83
NC_001224.1	NC_001224.1_RagTag	5.70e-13	80.5	43	92	83
NC_001224.1	NC_001224.1_RagTag	5.70e-13	80.5	43	118	83
NC_001224.1	NC_001224.1_RagTag	5.70e-13	80.5	43	101	83
NC_001224.1	NC_001224.1_RagTag	5.70e-13	80.5	43	85	83
NC_001224.1	NC_001224.1_RagTag	5.70e-13	80.5	43	198	83
NC_001224.1	NC_001224.1_RagTag	5.70e-13	80.5	43	104	83
NC_001224.1	NC_001224.1_RagTag	5.70e-13	80.5	43	117	83
NC_001224.1	NC_001224.1_RagTag	2.05e-12	78.7	42	49	83
NC_001224.1	NC_001224.1_RagTag	2.05e-12	78.7	42	73	83
NC_001224.1	NC_001224.1_RagTag	2.05e-12	78.7	42	68	83
NC_001224.1	NC_001224.1_RagTag	2.05e-12	78.7	42	68	83
NC_001224.1	NC_001224.1_RagTag	2.05e-12	78.7	42	59	83
NC_001224.1	NC_001224.1_RagTag	2.05e-12	78.7	42	46	83
NC_001224.1	NC_001224.1_RagTag	2.05e-12	78.7	42	46	83
NC_001224.1	NC_001224.1_RagTag	2.05e-12	78.7	42	42	83
NC_001224.1	NC_001224.1_RagTag	2.05e-12	78.7	42	182	83
NC_001224.1	NC_001224.1_RagTag	2.05e-12	78.7	42	77	83
NC_001224.1	NC_001224.1_RagTag	2.05e-12	78.7	42	45	83
NC_001224.1	NC_001224.1_RagTag	2.05e-12	78.7	42	66	83
NC_001224.1	NC_001224.1_RagTag	2.05e-12	78.7	42	69	83
NC_001224.1	NC_001224.1_RagTag	2.05e-12	78.7	42	73	83
NC_001224.1	NC_001224.1_RagTag	2.05e-12	78.7	42	58	83
NC_001224.1	NC_001224.1_RagTag	2.05e-12	78.7	42	59	83
NC_001224.1	NC_001224.1_RagTag	2.05e-12	78.7	42	68	83
NC_001224.1	NC_001224.1_RagTag	2.05e-12	78.7	42	116	83
NC_001224.1	NC_001224.1_RagTag	2.05e-12	78.7	42	121	83
NC_001224.1	NC_001224.1_RagTag	2.05e-12	78.7	42	45	83
NC_001224.1	NC_001224.1_RagTag	2.05e-12	78.7	42	58	83
NC_001224.1	NC_001224.1_RagTag	2.05e-12	78.7	42	110	83
NC_001224.1	NC_001224.1_RagTag	2.05e-12	78.7	42	121	83
NC_001224.1	NC_001224.1_RagTag	2.05e-12	78.7	42	68	83
NC_001224.1	NC_001224.1_RagTag	2.05e-12	78.7	42	74	83
NC_001224.1	NC_001224.1_RagTag	2.05e-12	78.7	42	42	83
NC_001224.1	NC_001224.1_RagTag	2.05e-12	78.7	42	42	83
NC_001224.1	NC_001224.1_RagTag	7.38e-12	76.8	41	62	83
NC_001224.1	NC_001224.1_RagTag	7.38e-12	76.8	41	131	83
NC_001224.1	NC_001224.1_RagTag	7.38e-12	76.8	41	112	83
NC_001224.1	NC_001224.1_RagTag	7.38e-12	76.8	41	82	83
NC_001224.1	NC_001224.1_RagTag	7.38e-12	76.8	41	41	83
NC_001224.1	NC_001224.1_RagTag	7.38e-12	76.8	41	62	83
NC_001224.1	NC_001224.1_RagTag	7.38e-12	76.8	41	144	83
NC_001224.1	NC_001224.1_RagTag	7.38e-12	76.8	41	44	83
NC_001224.1	NC_001224.1_RagTag	7.38e-12	76.8	41	44	83
NC_001224.1	NC_001224.1_RagTag	7.38e-12	76.8	41	44	83
NC_001224.1	NC_001224.1_RagTag	7.38e-12	76.8	41	105	83
NC_001224.1	NC_001224.1_RagTag	7.38e-12	76.8	41	72	83
NC_001224.1	NC_001224.1_RagTag	7.38e-12	76.8	41	77	83
NC_001224.1	NC_001224.1_RagTag	7.38e-12	76.8	41	66	83
NC_001224.1	NC_001224.1_RagTag	7.38e-12	76.8	41	131	83
NC_001224.1	NC_001224.1_RagTag	7.38e-12	76.8	41	277	83
NC_001224.1	NC_001224.1_RagTag	7.38e-12	76.8	41	41	83
NC_001224.1	NC_001224.1_RagTag	7.38e-12	76.8	41	44	83
NC_001224.1	NC_001224.1_RagTag	7.38e-12	76.8	41	48	83
NC_001224.1	NC_001224.1_RagTag	7.38e-12	76.8	41	71	83
NC_001224.1	NC_001224.1_RagTag	7.38e-12	76.8	41	144	83
NC_001224.1	NC_001224.1_RagTag	7.38e-12	76.8	41	54	83
NC_001224.1	NC_001224.1_RagTag	7.38e-12	76.8	41	41	83
NC_001224.1	NC_001224.1_RagTag	7.38e-12	76.8	41	67	83
NC_001224.1	NC_001224.1_RagTag	7.38e-12	76.8	41	91	83
NC_001224.1	NC_001224.1_RagTag	7.38e-12	76.8	41	67	83
NC_001224.1	NC_001224.1_RagTag	7.38e-12	76.8	41	69	83
NC_001224.1	NC_001224.1_RagTag	7.38e-12	76.8	41	62	83
NC_001224.1	NC_001224.1_RagTag	7.38e-12	76.8	41	115	83
NC_001224.1	NC_001224.1_RagTag	2.65e-11	75.0	40	63	83
NC_001224.1	NC_001224.1_RagTag	2.65e-11	75.0	40	75	83
NC_001224.1	NC_001224.1_RagTag	2.65e-11	75.0	40	74	83
NC_001224.1	NC_001224.1_RagTag	2.65e-11	75.0	40	243	83
NC_001224.1	NC_001224.1_RagTag	2.65e-11	75.0	40	47	83
NC_001224.1	NC_001224.1_RagTag	2.65e-11	75.0	40	50	83
NC_001224.1	NC_001224.1_RagTag	2.65e-11	75.0	40	46	83
NC_001224.1	NC_001224.1_RagTag	2.65e-11	75.0	40	91	83
NC_001224.1	NC_001224.1_RagTag	9.54e-11	73.1	39	77	83
NC_001224.1	NC_001224.1_RagTag	9.54e-11	73.1	39	42	83
NC_001224.1	NC_001224.1_RagTag	9.54e-11	73.1	39	42	83
NC_001224.1	NC_001224.1_RagTag	9.54e-11	73.1	39	78	83
NC_001224.1	NC_001224.1_RagTag	9.54e-11	73.1	39	84	83
NC_001224.1	NC_001224.1_RagTag	9.54e-11	73.1	39	68	83
NC_001224.1	NC_001224.1_RagTag	9.54e-11	73.1	39	49	83
NC_001224.1	NC_001224.1_RagTag	9.54e-11	73.1	39	69	83
NC_001224.1	NC_001224.1_RagTag	9.54e-11	73.1	39	46	83
NC_001224.1	NC_001224.1_RagTag	9.54e-11	73.1	39	42	83
NC_001224.1	NC_001224.1_RagTag	9.54e-11	73.1	39	110	83
NC_001224.1	NC_001224.1_RagTag	3.43e-10	71.3	38	56	83
NC_001224.1	NC_001224.1_RagTag	3.43e-10	71.3	38	70	83
NC_001224.1	NC_001224.1_RagTag	3.43e-10	71.3	38	76	83
NC_001224.1	NC_001224.1_RagTag	3.43e-10	71.3	38	69	83
NC_001224.1	NC_001224.1_RagTag	3.43e-10	71.3	38	54	83
NC_001224.1	NC_001224.1_RagTag	3.43e-10	71.3	38	54	83
NC_001224.1	NC_001224.1_RagTag	3.43e-10	71.3	38	45	83
NC_001224.1	NC_001224.1_RagTag	3.43e-10	71.3	38	44	83
NC_001224.1	NC_001224.1_RagTag	1.23e-09	69.4	37	63	83
NC_001224.1	NC_001224.1_RagTag	1.23e-09	69.4	37	56	83
NC_001224.1	NC_001224.1_RagTag	4.44e-09	67.6	36	42	83
NC_001224.1	NC_001224.1_RagTag	4.44e-09	67.6	36	43	83
NC_001224.1	NC_001224.1_RagTag	4.44e-09	67.6	36	71	83
NC_001224.1	NC_001224.1_RagTag	4.44e-09	67.6	36	65	83
NC_001224.1	NC_001224.1_RagTag	4.44e-09	67.6	36	55	83
NC_001224.1	NC_001224.1_RagTag	4.44e-09	67.6	36	50	83
NC_001224.1	NC_001224.1_RagTag	4.44e-09	67.6	36	109	83
NC_001224.1	NC_001224.1_RagTag	1.60e-08	65.8	35	38	83
NC_001224.1	NC_001224.1_RagTag	1.60e-08	65.8	35	55	83
NC_001224.1	NC_001224.1_RagTag	1.60e-08	65.8	35	74	83
NC_001224.1	NC_001224.1_RagTag	1.60e-08	65.8	35	75	83
NC_001224.1	NC_001224.1_RagTag	1.60e-08	65.8	35	68	83
NC_001224.1	NC_001224.1_RagTag	1.60e-08	65.8	35	57	83
NC_001224.1	NC_001224.1_RagTag	1.60e-08	65.8	35	38	83
NC_001224.1	NC_001224.1_RagTag	1.60e-08	65.8	35	38	83
NC_001224.1	NC_001224.1_RagTag	5.74e-08	63.9	34	53	83
NC_001224.1	NC_001224.1_RagTag	5.74e-08	63.9	34	37	83
NC_001224.1	NC_001224.1_RagTag	5.74e-08	63.9	34	59	83
NC_001224.1	NC_001224.1_RagTag	2.07e-07	62.1	33	56	83
NC_001224.1	NC_001224.1_RagTag	7.43e-07	60.2	32	45	83
NC_001224.1	NC_001224.1_RagTag	9.61e-06	56.5	30	37	83
NC_001224.1	NC_001224.1_RagTag	9.61e-06	56.5	30	30	83
NC_001224.1	NC_001224.1_RagTag	9.61e-06	56.5	30	30	83
NC_001224.1	NC_001133.9_RagTag	5.54e-33	147	79	83	0
NC_001224.1	NC_001133.9_RagTag	1.23e-09	69.4	37	40	0
NC_001224.1	NC_001144.5_RagTag	5.66e-18	97.1	52	58	0
