NC_001133.9_RagTag	NC_001224.1	9.75e-35	147	79	83	0
NC_001133.9_RagTag	NC_001224.1	2.17e-11	69.4	37	62	0
NC_001139.9_RagTag	NC_001224.1	3.92e-20	100	54	99	0
NC_001144.5_RagTag	NC_001224.1	4.82e-19	97.1	52	58	0
NC_001145.3_RagTag	NC_001224.1	1.60e-08	62.1	33	43	0
NC_001224.1_RagTag	NC_001224.1	0.0	7594	4112	4652	94
NC_001224.1_RagTag	NC_001224.1	0.0	7062	3824	4109	94
NC_001224.1_RagTag	NC_001224.1	0.0	6728	3643	4131	94
NC_001224.1_RagTag	NC_001224.1	0.0	5973	3234	3415	94
NC_001224.1_RagTag	NC_001224.1	0.0	5943	3218	3274	94
NC_001224.1_RagTag	NC_001224.1	0.0	5120	2772	2977	94
NC_001224.1_RagTag	NC_001224.1	0.0	4944	2677	3115	94
NC_001224.1_RagTag	NC_001224.1	0.0	4645	2515	2633	94
NC_001224.1_RagTag	NC_001224.1	0.0	4599	2490	2577	94
NC_001224.1_RagTag	NC_001224.1	0.0	4314	2336	2530	94
NC_001224.1_RagTag	NC_001224.1	0.0	4122	2232	2262	94
NC_001224.1_RagTag	NC_001224.1	0.0	3851	2085	2185	94
NC_001224.1_RagTag	NC_001224.1	0.0	3517	1904	2045	94
NC_001224.1_RagTag	NC_001224.1	0.0	3240	1754	1832	94
NC_001224.1_RagTag	NC_001224.1	0.0	3025	1638	1678	94
NC_001224.1_RagTag	NC_001224.1	0.0	3020	1635	1635	94
NC_001224.1_RagTag	NC_001224.1	0.0	2987	1617	1834	94
NC_001224.1_RagTag	NC_001224.1	0.0	2671	1446	1679	94
NC_001224.1_RagTag	NC_001224.1	0.0	2470	1337	1524	94
NC_001224.1_RagTag	NC_001224.1	0.0	2076	1124	1289	94
NC_001224.1_RagTag	NC_001224.1	0.0	1958	1060	1401	94
NC_001224.1_RagTag	NC_001224.1	0.0	1596	864	956	94
NC_001224.1_RagTag	NC_001224.1	0.0	1533	830	1188	94
NC_001224.1_RagTag	NC_001224.1	0.0	1448	784	923	94
NC_001224.1_RagTag	NC_001224.1	0.0	1408	762	809	94
NC_001224.1_RagTag	NC_001224.1	0.0	1389	752	816	94
NC_001224.1_RagTag	NC_001224.1	0.0	1356	734	744	94
NC_001224.1_RagTag	NC_001224.1	0.0	1345	728	821	94
NC_001224.1_RagTag	NC_001224.1	0.0	1327	718	739	94
NC_001224.1_RagTag	NC_001224.1	0.0	1319	714	795	94
NC_001224.1_RagTag	NC_001224.1	0.0	1279	692	716	94
NC_001224.1_RagTag	NC_001224.1	0.0	1083	586	592	94
NC_001224.1_RagTag	NC_001224.1	0.0	1020	552	574	94
NC_001224.1_RagTag	NC_001224.1	0.0	979	530	622	94
NC_001224.1_RagTag	NC_001224.1	0.0	782	423	794	94
NC_001224.1_RagTag	NC_001224.1	0.0	715	387	456	94
NC_001224.1_RagTag	NC_001224.1	0.0	676	366	506	94
NC_001224.1_RagTag	NC_001224.1	2.92e-180	628	340	477	94
NC_001224.1_RagTag	NC_001224.1	1.77e-172	603	326	474	94
NC_001224.1_RagTag	NC_001224.1	1.38e-168	590	319	440	94
NC_001224.1_RagTag	NC_001224.1	3.00e-160	562	304	329	94
NC_001224.1_RagTag	NC_001224.1	1.42e-148	523	283	657	94
NC_001224.1_RagTag	NC_001224.1	1.43e-143	507	274	827	94
NC_001224.1_RagTag	NC_001224.1	1.44e-138	490	265	323	94
NC_001224.1_RagTag	NC_001224.1	1.89e-127	453	245	713	94
NC_001224.1_RagTag	NC_001224.1	3.16e-125	446	241	304	94
NC_001224.1_RagTag	NC_001224.1	1.13e-124	444	240	715	94
NC_001224.1_RagTag	NC_001224.1	1.91e-117	420	227	392	94
NC_001224.1_RagTag	NC_001224.1	2.47e-116	416	225	252	94
NC_001224.1_RagTag	NC_001224.1	8.90e-116	414	224	398	94
NC_001224.1_RagTag	NC_001224.1	5.36e-113	405	219	254	94
NC_001224.1_RagTag	NC_001224.1	5.36e-113	405	219	616	94
NC_001224.1_RagTag	NC_001224.1	1.16e-109	394	213	431	94
NC_001224.1_RagTag	NC_001224.1	6.98e-107	385	208	547	94
NC_001224.1_RagTag	NC_001224.1	1.95e-102	370	200	544	94
NC_001224.1_RagTag	NC_001224.1	3.27e-100	363	196	669	94
NC_001224.1_RagTag	NC_001224.1	1.52e-98	357	193	228	94
NC_001224.1_RagTag	NC_001224.1	7.08e-97	351	190	277	94
NC_001224.1_RagTag	NC_001224.1	1.53e-93	340	184	464	94
NC_001224.1_RagTag	NC_001224.1	5.51e-93	339	183	286	94
NC_001224.1_RagTag	NC_001224.1	1.98e-92	337	182	632	94
NC_001224.1_RagTag	NC_001224.1	2.56e-91	333	180	673	94
NC_001224.1_RagTag	NC_001224.1	3.32e-90	329	178	530	94
NC_001224.1_RagTag	NC_001224.1	1.19e-89	327	177	300	94
NC_001224.1_RagTag	NC_001224.1	1.54e-88	324	175	670	94
NC_001224.1_RagTag	NC_001224.1	2.02e-77	287	155	155	94
NC_001224.1_RagTag	NC_001224.1	9.42e-76	281	152	486	94
NC_001224.1_RagTag	NC_001224.1	3.39e-75	279	151	575	94
NC_001224.1_RagTag	NC_001224.1	1.22e-74	278	150	284	94
NC_001224.1_RagTag	NC_001224.1	1.23e-69	261	141	283	94
NC_001224.1_RagTag	NC_001224.1	4.41e-69	259	140	199	94
NC_001224.1_RagTag	NC_001224.1	7.38e-67	252	136	319	94
NC_001224.1_RagTag	NC_001224.1	4.44e-64	243	131	213	94
NC_001224.1_RagTag	NC_001224.1	1.60e-63	241	130	236	94
NC_001224.1_RagTag	NC_001224.1	2.67e-61	233	126	133	94
NC_001224.1_RagTag	NC_001224.1	4.48e-59	226	122	143	94
NC_001224.1_RagTag	NC_001224.1	7.49e-57	219	118	328	94
NC_001224.1_RagTag	NC_001224.1	2.69e-56	217	117	200	94
NC_001224.1_RagTag	NC_001224.1	9.69e-56	215	116	325	94
NC_001224.1_RagTag	NC_001224.1	3.48e-55	213	115	436	94
NC_001224.1_RagTag	NC_001224.1	4.51e-54	209	113	290	94
NC_001224.1_RagTag	NC_001224.1	7.54e-52	202	109	425	94
NC_001224.1_RagTag	NC_001224.1	7.54e-52	202	109	254	94
NC_001224.1_RagTag	NC_001224.1	2.71e-51	200	108	353	94
NC_001224.1_RagTag	NC_001224.1	2.71e-51	200	108	353	94
NC_001224.1_RagTag	NC_001224.1	9.76e-51	198	107	290	94
NC_001224.1_RagTag	NC_001224.1	3.51e-50	196	106	524	94
NC_001224.1_RagTag	NC_001224.1	3.51e-50	196	106	524	94
NC_001224.1_RagTag	NC_001224.1	1.26e-49	195	105	366	94
NC_001224.1_RagTag	NC_001224.1	4.54e-49	193	104	439	94
NC_001224.1_RagTag	NC_001224.1	4.54e-49	193	104	189	94
NC_001224.1_RagTag	NC_001224.1	4.54e-49	193	104	368	94
NC_001224.1_RagTag	NC_001224.1	7.60e-47	185	100	491	94
NC_001224.1_RagTag	NC_001224.1	2.73e-46	183	99	549	94
NC_001224.1_RagTag	NC_001224.1	9.83e-46	182	98	177	94
NC_001224.1_RagTag	NC_001224.1	9.83e-46	182	98	517	94
NC_001224.1_RagTag	NC_001224.1	9.83e-46	182	98	462	94
NC_001224.1_RagTag	NC_001224.1	9.83e-46	182	98	222	94
NC_001224.1_RagTag	NC_001224.1	9.83e-46	182	98	444	94
NC_001224.1_RagTag	NC_001224.1	9.83e-46	182	98	228	94
NC_001224.1_RagTag	NC_001224.1	3.53e-45	180	97	389	94
NC_001224.1_RagTag	NC_001224.1	1.27e-44	178	96	170	94
NC_001224.1_RagTag	NC_001224.1	1.27e-44	178	96	199	94
NC_001224.1_RagTag	NC_001224.1	1.27e-44	178	96	675	94
NC_001224.1_RagTag	NC_001224.1	1.27e-44	178	96	455	94
NC_001224.1_RagTag	NC_001224.1	1.27e-44	178	96	549	94
NC_001224.1_RagTag	NC_001224.1	4.57e-44	176	95	300	94
NC_001224.1_RagTag	NC_001224.1	4.57e-44	176	95	485	94
NC_001224.1_RagTag	NC_001224.1	4.57e-44	176	95	459	94
NC_001224.1_RagTag	NC_001224.1	4.57e-44	176	95	222	94
NC_001224.1_RagTag	NC_001224.1	1.64e-43	174	94	398	94
NC_001224.1_RagTag	NC_001224.1	1.64e-43	174	94	134	94
NC_001224.1_RagTag	NC_001224.1	5.91e-43	172	93	458	94
NC_001224.1_RagTag	NC_001224.1	5.91e-43	172	93	399	94
NC_001224.1_RagTag	NC_001224.1	5.91e-43	172	93	628	94
NC_001224.1_RagTag	NC_001224.1	5.91e-43	172	93	386	94
NC_001224.1_RagTag	NC_001224.1	2.13e-42	171	92	214	94
NC_001224.1_RagTag	NC_001224.1	2.13e-42	171	92	222	94
NC_001224.1_RagTag	NC_001224.1	2.13e-42	171	92	428	94
NC_001224.1_RagTag	NC_001224.1	2.13e-42	171	92	374	94
NC_001224.1_RagTag	NC_001224.1	2.13e-42	171	92	333	94
NC_001224.1_RagTag	NC_001224.1	2.13e-42	171	92	221	94
NC_001224.1_RagTag	NC_001224.1	7.65e-42	169	91	237	94
NC_001224.1_RagTag	NC_001224.1	7.65e-42	169	91	237	94
NC_001224.1_RagTag	NC_001224.1	7.65e-42	169	91	463	94
NC_001224.1_RagTag	NC_001224.1	7.65e-42	169	91	283	94
NC_001224.1_RagTag	NC_001224.1	7.65e-42	169	91	1246	94
NC_001224.1_RagTag	NC_001224.1	2.75e-41	167	90	458	94
NC_001224.1_RagTag	NC_001224.1	2.75e-41	167	90	345	94
NC_001224.1_RagTag	NC_001224.1	2.75e-41	167	90	488	94
NC_001224.1_RagTag	NC_001224.1	2.75e-41	167	90	445	94
NC_001224.1_RagTag	NC_001224.1	2.75e-41	167	90	598	94
NC_001224.1_RagTag	NC_001224.1	2.75e-41	167	90	430	94
NC_001224.1_RagTag	NC_001224.1	2.75e-41	167	90	287	94
NC_001224.1_RagTag	NC_001224.1	9.89e-41	165	89	354	94
NC_001224.1_RagTag	NC_001224.1	9.89e-41	165	89	360	94
NC_001224.1_RagTag	NC_001224.1	9.89e-41	165	89	328	94
NC_001224.1_RagTag	NC_001224.1	9.89e-41	165	89	495	94
NC_001224.1_RagTag	NC_001224.1	9.89e-41	165	89	218	94
NC_001224.1_RagTag	NC_001224.1	9.89e-41	165	89	443	94
NC_001224.1_RagTag	NC_001224.1	9.89e-41	165	89	226	94
NC_001224.1_RagTag	NC_001224.1	9.89e-41	165	89	467	94
NC_001224.1_RagTag	NC_001224.1	3.56e-40	163	88	173	94
NC_001224.1_RagTag	NC_001224.1	3.56e-40	163	88	416	94
NC_001224.1_RagTag	NC_001224.1	3.56e-40	163	88	143	94
NC_001224.1_RagTag	NC_001224.1	3.56e-40	163	88	453	94
NC_001224.1_RagTag	NC_001224.1	3.56e-40	163	88	467	94
NC_001224.1_RagTag	NC_001224.1	3.56e-40	163	88	142	94
NC_001224.1_RagTag	NC_001224.1	3.56e-40	163	88	258	94
NC_001224.1_RagTag	NC_001224.1	1.28e-39	161	87	208	94
NC_001224.1_RagTag	NC_001224.1	1.28e-39	161	87	346	94
NC_001224.1_RagTag	NC_001224.1	1.28e-39	161	87	784	94
NC_001224.1_RagTag	NC_001224.1	1.28e-39	161	87	700	94
NC_001224.1_RagTag	NC_001224.1	1.28e-39	161	87	218	94
NC_001224.1_RagTag	NC_001224.1	1.28e-39	161	87	315	94
NC_001224.1_RagTag	NC_001224.1	1.28e-39	161	87	495	94
NC_001224.1_RagTag	NC_001224.1	4.60e-39	159	86	205	94
NC_001224.1_RagTag	NC_001224.1	4.60e-39	159	86	270	94
NC_001224.1_RagTag	NC_001224.1	4.60e-39	159	86	264	94
NC_001224.1_RagTag	NC_001224.1	4.60e-39	159	86	366	94
NC_001224.1_RagTag	NC_001224.1	4.60e-39	159	86	381	94
NC_001224.1_RagTag	NC_001224.1	4.60e-39	159	86	437	94
NC_001224.1_RagTag	NC_001224.1	1.66e-38	158	85	199	94
NC_001224.1_RagTag	NC_001224.1	1.66e-38	158	85	423	94
NC_001224.1_RagTag	NC_001224.1	1.66e-38	158	85	358	94
NC_001224.1_RagTag	NC_001224.1	1.66e-38	158	85	445	94
NC_001224.1_RagTag	NC_001224.1	1.66e-38	158	85	624	94
NC_001224.1_RagTag	NC_001224.1	1.66e-38	158	85	486	94
NC_001224.1_RagTag	NC_001224.1	1.66e-38	158	85	578	94
NC_001224.1_RagTag	NC_001224.1	1.66e-38	158	85	298	94
NC_001224.1_RagTag	NC_001224.1	1.66e-38	158	85	408	94
NC_001224.1_RagTag	NC_001224.1	1.66e-38	158	85	152	94
NC_001224.1_RagTag	NC_001224.1	1.66e-38	158	85	654	94
NC_001224.1_RagTag	NC_001224.1	1.66e-38	158	85	339	94
NC_001224.1_RagTag	NC_001224.1	5.96e-38	156	84	482	94
NC_001224.1_RagTag	NC_001224.1	5.96e-38	156	84	350	94
NC_001224.1_RagTag	NC_001224.1	5.96e-38	156	84	211	94
NC_001224.1_RagTag	NC_001224.1	5.96e-38	156	84	307	94
NC_001224.1_RagTag	NC_001224.1	5.96e-38	156	84	353	94
NC_001224.1_RagTag	NC_001224.1	5.96e-38	156	84	429	94
NC_001224.1_RagTag	NC_001224.1	5.96e-38	156	84	384	94
NC_001224.1_RagTag	NC_001224.1	5.96e-38	156	84	282	94
NC_001224.1_RagTag	NC_001224.1	5.96e-38	156	84	420	94
NC_001224.1_RagTag	NC_001224.1	5.96e-38	156	84	328	94
NC_001224.1_RagTag	NC_001224.1	5.96e-38	156	84	186	94
NC_001224.1_RagTag	NC_001224.1	2.14e-37	154	83	217	94
NC_001224.1_RagTag	NC_001224.1	2.14e-37	154	83	302	94
NC_001224.1_RagTag	NC_001224.1	2.14e-37	154	83	303	94
NC_001224.1_RagTag	NC_001224.1	2.14e-37	154	83	534	94
NC_001224.1_RagTag	NC_001224.1	2.14e-37	154	83	545	94
NC_001224.1_RagTag	NC_001224.1	2.14e-37	154	83	560	94
NC_001224.1_RagTag	NC_001224.1	2.14e-37	154	83	305	94
NC_001224.1_RagTag	NC_001224.1	2.14e-37	154	83	411	94
NC_001224.1_RagTag	NC_001224.1	7.70e-37	152	82	272	94
NC_001224.1_RagTag	NC_001224.1	7.70e-37	152	82	262	94
NC_001224.1_RagTag	NC_001224.1	7.70e-37	152	82	187	94
NC_001224.1_RagTag	NC_001224.1	7.70e-37	152	82	443	94
NC_001224.1_RagTag	NC_001224.1	7.70e-37	152	82	187	94
NC_001224.1_RagTag	NC_001224.1	7.70e-37	152	82	367	94
NC_001224.1_RagTag	NC_001224.1	7.70e-37	152	82	337	94
NC_001224.1_RagTag	NC_001224.1	7.70e-37	152	82	466	94
NC_001224.1_RagTag	NC_001224.1	7.70e-37	152	82	508	94
NC_001224.1_RagTag	NC_001224.1	7.70e-37	152	82	221	94
NC_001224.1_RagTag	NC_001224.1	7.70e-37	152	82	439	94
NC_001224.1_RagTag	NC_001224.1	7.70e-37	152	82	398	94
NC_001224.1_RagTag	NC_001224.1	7.70e-37	152	82	262	94
NC_001224.1_RagTag	NC_001224.1	2.77e-36	150	81	475	94
NC_001224.1_RagTag	NC_001224.1	2.77e-36	150	81	178	94
NC_001224.1_RagTag	NC_001224.1	2.77e-36	150	81	289	94
NC_001224.1_RagTag	NC_001224.1	2.77e-36	150	81	558	94
NC_001224.1_RagTag	NC_001224.1	2.77e-36	150	81	281	94
NC_001224.1_RagTag	NC_001224.1	2.77e-36	150	81	295	94
NC_001224.1_RagTag	NC_001224.1	2.77e-36	150	81	435	94
NC_001224.1_RagTag	NC_001224.1	2.77e-36	150	81	192	94
NC_001224.1_RagTag	NC_001224.1	2.77e-36	150	81	350	94
NC_001224.1_RagTag	NC_001224.1	9.97e-36	148	80	470	94
NC_001224.1_RagTag	NC_001224.1	9.97e-36	148	80	252	94
NC_001224.1_RagTag	NC_001224.1	9.97e-36	148	80	442	94
NC_001224.1_RagTag	NC_001224.1	9.97e-36	148	80	411	94
NC_001224.1_RagTag	NC_001224.1	9.97e-36	148	80	136	94
NC_001224.1_RagTag	NC_001224.1	9.97e-36	148	80	80	94
NC_001224.1_RagTag	NC_001224.1	9.97e-36	148	80	462	94
NC_001224.1_RagTag	NC_001224.1	3.58e-35	147	79	367	94
NC_001224.1_RagTag	NC_001224.1	3.58e-35	147	79	480	94
NC_001224.1_RagTag	NC_001224.1	3.58e-35	147	79	438	94
NC_001224.1_RagTag	NC_001224.1	3.58e-35	147	79	366	94
NC_001224.1_RagTag	NC_001224.1	3.58e-35	147	79	198	94
NC_001224.1_RagTag	NC_001224.1	3.58e-35	147	79	326	94
NC_001224.1_RagTag	NC_001224.1	3.58e-35	147	79	457	94
NC_001224.1_RagTag	NC_001224.1	3.58e-35	147	79	398	94
NC_001224.1_RagTag	NC_001224.1	3.58e-35	147	79	246	94
NC_001224.1_RagTag	NC_001224.1	1.29e-34	145	78	177	94
NC_001224.1_RagTag	NC_001224.1	1.29e-34	145	78	441	94
NC_001224.1_RagTag	NC_001224.1	1.29e-34	145	78	374	94
NC_001224.1_RagTag	NC_001224.1	1.29e-34	145	78	293	94
NC_001224.1_RagTag	NC_001224.1	1.29e-34	145	78	198	94
NC_001224.1_RagTag	NC_001224.1	1.29e-34	145	78	714	94
NC_001224.1_RagTag	NC_001224.1	1.29e-34	145	78	209	94
NC_001224.1_RagTag	NC_001224.1	1.29e-34	145	78	373	94
NC_001224.1_RagTag	NC_001224.1	1.29e-34	145	78	328	94
NC_001224.1_RagTag	NC_001224.1	4.64e-34	143	77	523	94
NC_001224.1_RagTag	NC_001224.1	4.64e-34	143	77	150	94
NC_001224.1_RagTag	NC_001224.1	4.64e-34	143	77	215	94
NC_001224.1_RagTag	NC_001224.1	4.64e-34	143	77	322	94
NC_001224.1_RagTag	NC_001224.1	4.64e-34	143	77	379	94
NC_001224.1_RagTag	NC_001224.1	4.64e-34	143	77	132	94
NC_001224.1_RagTag	NC_001224.1	4.64e-34	143	77	514	94
NC_001224.1_RagTag	NC_001224.1	4.64e-34	143	77	77	94
NC_001224.1_RagTag	NC_001224.1	4.64e-34	143	77	201	94
NC_001224.1_RagTag	NC_001224.1	4.64e-34	143	77	215	94
NC_001224.1_RagTag	NC_001224.1	4.64e-34	143	77	231	94
NC_001224.1_RagTag	NC_001224.1	4.64e-34	143	77	550	94
NC_001224.1_RagTag	NC_001224.1	4.64e-34	143	77	460	94
NC_001224.1_RagTag	NC_001224.1	4.64e-34	143	77	146	94
NC_001224.1_RagTag	NC_001224.1	1.67e-33	141	76	449	94
NC_001224.1_RagTag	NC_001224.1	1.67e-33	141	76	453	94
NC_001224.1_RagTag	NC_001224.1	1.67e-33	141	76	493	94
NC_001224.1_RagTag	NC_001224.1	1.67e-33	141	76	236	94
NC_001224.1_RagTag	NC_001224.1	1.67e-33	141	76	203	94
NC_001224.1_RagTag	NC_001224.1	1.67e-33	141	76	308	94
NC_001224.1_RagTag	NC_001224.1	1.67e-33	141	76	377	94
NC_001224.1_RagTag	NC_001224.1	1.67e-33	141	76	181	94
NC_001224.1_RagTag	NC_001224.1	1.67e-33	141	76	201	94
NC_001224.1_RagTag	NC_001224.1	1.67e-33	141	76	177	94
NC_001224.1_RagTag	NC_001224.1	1.67e-33	141	76	343	94
NC_001224.1_RagTag	NC_001224.1	1.67e-33	141	76	340	94
NC_001224.1_RagTag	NC_001224.1	1.67e-33	141	76	223	94
NC_001224.1_RagTag	NC_001224.1	1.67e-33	141	76	186	94
NC_001224.1_RagTag	NC_001224.1	6.00e-33	139	75	493	94
NC_001224.1_RagTag	NC_001224.1	6.00e-33	139	75	338	94
NC_001224.1_RagTag	NC_001224.1	6.00e-33	139	75	327	94
NC_001224.1_RagTag	NC_001224.1	6.00e-33	139	75	219	94
NC_001224.1_RagTag	NC_001224.1	6.00e-33	139	75	337	94
NC_001224.1_RagTag	NC_001224.1	6.00e-33	139	75	429	94
NC_001224.1_RagTag	NC_001224.1	6.00e-33	139	75	574	94
NC_001224.1_RagTag	NC_001224.1	6.00e-33	139	75	457	94
NC_001224.1_RagTag	NC_001224.1	6.00e-33	139	75	385	94
NC_001224.1_RagTag	NC_001224.1	6.00e-33	139	75	201	94
NC_001224.1_RagTag	NC_001224.1	6.00e-33	139	75	306	94
NC_001224.1_RagTag	NC_001224.1	2.16e-32	137	74	213	94
NC_001224.1_RagTag	NC_001224.1	2.16e-32	137	74	500	94
NC_001224.1_RagTag	NC_001224.1	2.16e-32	137	74	243	94
NC_001224.1_RagTag	NC_001224.1	2.16e-32	137	74	216	94
NC_001224.1_RagTag	NC_001224.1	2.16e-32	137	74	384	94
NC_001224.1_RagTag	NC_001224.1	2.16e-32	137	74	267	94
NC_001224.1_RagTag	NC_001224.1	2.16e-32	137	74	412	94
NC_001224.1_RagTag	NC_001224.1	2.16e-32	137	74	1093	94
NC_001224.1_RagTag	NC_001224.1	2.16e-32	137	74	198	94
NC_001224.1_RagTag	NC_001224.1	7.76e-32	135	73	480	94
NC_001224.1_RagTag	NC_001224.1	7.76e-32	135	73	193	94
NC_001224.1_RagTag	NC_001224.1	7.76e-32	135	73	271	94
NC_001224.1_RagTag	NC_001224.1	7.76e-32	135	73	201	94
NC_001224.1_RagTag	NC_001224.1	7.76e-32	135	73	318	94
NC_001224.1_RagTag	NC_001224.1	7.76e-32	135	73	194	94
NC_001224.1_RagTag	NC_001224.1	7.76e-32	135	73	417	94
NC_001224.1_RagTag	NC_001224.1	7.76e-32	135	73	512	94
NC_001224.1_RagTag	NC_001224.1	7.76e-32	135	73	350	94
NC_001224.1_RagTag	NC_001224.1	7.76e-32	135	73	79	94
NC_001224.1_RagTag	NC_001224.1	7.76e-32	135	73	417	94
NC_001224.1_RagTag	NC_001224.1	7.76e-32	135	73	471	94
NC_001224.1_RagTag	NC_001224.1	7.76e-32	135	73	420	94
NC_001224.1_RagTag	NC_001224.1	7.76e-32	135	73	248	94
NC_001224.1_RagTag	NC_001224.1	7.76e-32	135	73	283	94
NC_001224.1_RagTag	NC_001224.1	7.76e-32	135	73	209	94
NC_001224.1_RagTag	NC_001224.1	7.76e-32	135	73	201	94
NC_001224.1_RagTag	NC_001224.1	7.76e-32	135	73	360	94
NC_001224.1_RagTag	NC_001224.1	7.76e-32	135	73	230	94
NC_001224.1_RagTag	NC_001224.1	7.76e-32	135	73	265	94
NC_001224.1_RagTag	NC_001224.1	7.76e-32	135	73	178	94
NC_001224.1_RagTag	NC_001224.1	7.76e-32	135	73	205	94
NC_001224.1_RagTag	NC_001224.1	2.79e-31	134	72	147	94
NC_001224.1_RagTag	NC_001224.1	2.79e-31	134	72	429	94
NC_001224.1_RagTag	NC_001224.1	2.79e-31	134	72	459	94
NC_001224.1_RagTag	NC_001224.1	2.79e-31	134	72	379	94
NC_001224.1_RagTag	NC_001224.1	2.79e-31	134	72	157	94
NC_001224.1_RagTag	NC_001224.1	2.79e-31	134	72	244	94
NC_001224.1_RagTag	NC_001224.1	2.79e-31	134	72	142	94
NC_001224.1_RagTag	NC_001224.1	2.79e-31	134	72	141	94
NC_001224.1_RagTag	NC_001224.1	2.79e-31	134	72	235	94
NC_001224.1_RagTag	NC_001224.1	2.79e-31	134	72	429	94
NC_001224.1_RagTag	NC_001224.1	2.79e-31	134	72	221	94
NC_001224.1_RagTag	NC_001224.1	2.79e-31	134	72	141	94
NC_001224.1_RagTag	NC_001224.1	2.79e-31	134	72	762	94
NC_001224.1_RagTag	NC_001224.1	2.79e-31	134	72	315	94
NC_001224.1_RagTag	NC_001224.1	2.79e-31	134	72	177	94
NC_001224.1_RagTag	NC_001224.1	2.79e-31	134	72	484	94
NC_001224.1_RagTag	NC_001224.1	2.79e-31	134	72	309	94
NC_001224.1_RagTag	NC_001224.1	2.79e-31	134	72	239	94
NC_001224.1_RagTag	NC_001224.1	2.79e-31	134	72	486	94
NC_001224.1_RagTag	NC_001224.1	1.00e-30	132	71	180	94
NC_001224.1_RagTag	NC_001224.1	1.00e-30	132	71	335	94
NC_001224.1_RagTag	NC_001224.1	1.00e-30	132	71	241	94
NC_001224.1_RagTag	NC_001224.1	1.00e-30	132	71	330	94
NC_001224.1_RagTag	NC_001224.1	1.00e-30	132	71	331	94
NC_001224.1_RagTag	NC_001224.1	1.00e-30	132	71	118	94
NC_001224.1_RagTag	NC_001224.1	1.00e-30	132	71	371	94
NC_001224.1_RagTag	NC_001224.1	1.00e-30	132	71	510	94
NC_001224.1_RagTag	NC_001224.1	1.00e-30	132	71	386	94
NC_001224.1_RagTag	NC_001224.1	1.00e-30	132	71	418	94
NC_001224.1_RagTag	NC_001224.1	1.00e-30	132	71	165	94
NC_001224.1_RagTag	NC_001224.1	1.00e-30	132	71	118	94
NC_001224.1_RagTag	NC_001224.1	1.00e-30	132	71	149	94
NC_001224.1_RagTag	NC_001224.1	1.00e-30	132	71	331	94
NC_001224.1_RagTag	NC_001224.1	1.00e-30	132	71	406	94
NC_001224.1_RagTag	NC_001224.1	1.00e-30	132	71	328	94
NC_001224.1_RagTag	NC_001224.1	1.00e-30	132	71	232	94
NC_001224.1_RagTag	NC_001224.1	1.00e-30	132	71	386	94
NC_001224.1_RagTag	NC_001224.1	1.00e-30	132	71	196	94
NC_001224.1_RagTag	NC_001224.1	1.00e-30	132	71	203	94
NC_001224.1_RagTag	NC_001224.1	3.61e-30	130	70	182	94
NC_001224.1_RagTag	NC_001224.1	3.61e-30	130	70	177	94
NC_001224.1_RagTag	NC_001224.1	3.61e-30	130	70	372	94
NC_001224.1_RagTag	NC_001224.1	3.61e-30	130	70	374	94
NC_001224.1_RagTag	NC_001224.1	3.61e-30	130	70	240	94
NC_001224.1_RagTag	NC_001224.1	3.61e-30	130	70	401	94
NC_001224.1_RagTag	NC_001224.1	3.61e-30	130	70	138	94
NC_001224.1_RagTag	NC_001224.1	3.61e-30	130	70	354	94
NC_001224.1_RagTag	NC_001224.1	3.61e-30	130	70	237	94
NC_001224.1_RagTag	NC_001224.1	3.61e-30	130	70	191	94
NC_001224.1_RagTag	NC_001224.1	3.61e-30	130	70	174	94
NC_001224.1_RagTag	NC_001224.1	3.61e-30	130	70	252	94
NC_001224.1_RagTag	NC_001224.1	3.61e-30	130	70	80	94
NC_001224.1_RagTag	NC_001224.1	3.61e-30	130	70	462	94
NC_001224.1_RagTag	NC_001224.1	3.61e-30	130	70	330	94
NC_001224.1_RagTag	NC_001224.1	1.30e-29	128	69	481	94
NC_001224.1_RagTag	NC_001224.1	1.30e-29	128	69	261	94
NC_001224.1_RagTag	NC_001224.1	1.30e-29	128	69	508	94
NC_001224.1_RagTag	NC_001224.1	1.30e-29	128	69	221	94
NC_001224.1_RagTag	NC_001224.1	1.30e-29	128	69	226	94
NC_001224.1_RagTag	NC_001224.1	1.30e-29	128	69	401	94
NC_001224.1_RagTag	NC_001224.1	1.30e-29	128	69	410	94
NC_001224.1_RagTag	NC_001224.1	1.30e-29	128	69	375	94
NC_001224.1_RagTag	NC_001224.1	1.30e-29	128	69	153	94
NC_001224.1_RagTag	NC_001224.1	1.30e-29	128	69	586	94
NC_001224.1_RagTag	NC_001224.1	1.30e-29	128	69	549	94
NC_001224.1_RagTag	NC_001224.1	1.30e-29	128	69	641	94
NC_001224.1_RagTag	NC_001224.1	1.30e-29	128	69	382	94
NC_001224.1_RagTag	NC_001224.1	1.30e-29	128	69	199	94
NC_001224.1_RagTag	NC_001224.1	1.30e-29	128	69	682	94
NC_001224.1_RagTag	NC_001224.1	1.30e-29	128	69	350	94
NC_001224.1_RagTag	NC_001224.1	1.30e-29	128	69	347	94
NC_001224.1_RagTag	NC_001224.1	1.30e-29	128	69	199	94
NC_001224.1_RagTag	NC_001224.1	1.30e-29	128	69	325	94
NC_001224.1_RagTag	NC_001224.1	1.30e-29	128	69	431	94
NC_001224.1_RagTag	NC_001224.1	1.30e-29	128	69	204	94
NC_001224.1_RagTag	NC_001224.1	1.30e-29	128	69	425	94
NC_001224.1_RagTag	NC_001224.1	1.30e-29	128	69	325	94
NC_001224.1_RagTag	NC_001224.1	1.30e-29	128	69	204	94
NC_001224.1_RagTag	NC_001224.1	1.30e-29	128	69	245	94
NC_001224.1_RagTag	NC_001224.1	1.30e-29	128	69	492	94
NC_001224.1_RagTag	NC_001224.1	4.67e-29	126	68	175	94
NC_001224.1_RagTag	NC_001224.1	4.67e-29	126	68	135	94
NC_001224.1_RagTag	NC_001224.1	4.67e-29	126	68	175	94
NC_001224.1_RagTag	NC_001224.1	4.67e-29	126	68	138	94
NC_001224.1_RagTag	NC_001224.1	4.67e-29	126	68	193	94
NC_001224.1_RagTag	NC_001224.1	4.67e-29	126	68	165	94
NC_001224.1_RagTag	NC_001224.1	4.67e-29	126	68	226	94
NC_001224.1_RagTag	NC_001224.1	4.67e-29	126	68	372	94
NC_001224.1_RagTag	NC_001224.1	4.67e-29	126	68	161	94
NC_001224.1_RagTag	NC_001224.1	4.67e-29	126	68	178	94
NC_001224.1_RagTag	NC_001224.1	4.67e-29	126	68	485	94
NC_001224.1_RagTag	NC_001224.1	4.67e-29	126	68	292	94
NC_001224.1_RagTag	NC_001224.1	4.67e-29	126	68	168	94
NC_001224.1_RagTag	NC_001224.1	4.67e-29	126	68	95	94
NC_001224.1_RagTag	NC_001224.1	4.67e-29	126	68	350	94
NC_001224.1_RagTag	NC_001224.1	4.67e-29	126	68	139	94
NC_001224.1_RagTag	NC_001224.1	4.67e-29	126	68	162	94
NC_001224.1_RagTag	NC_001224.1	4.67e-29	126	68	594	94
NC_001224.1_RagTag	NC_001224.1	4.67e-29	126	68	376	94
NC_001224.1_RagTag	NC_001224.1	4.67e-29	126	68	447	94
NC_001224.1_RagTag	NC_001224.1	4.67e-29	126	68	231	94
NC_001224.1_RagTag	NC_001224.1	4.67e-29	126	68	164	94
NC_001224.1_RagTag	NC_001224.1	1.68e-28	124	67	306	94
NC_001224.1_RagTag	NC_001224.1	1.68e-28	124	67	225	94
NC_001224.1_RagTag	NC_001224.1	1.68e-28	124	67	245	94
NC_001224.1_RagTag	NC_001224.1	1.68e-28	124	67	381	94
NC_001224.1_RagTag	NC_001224.1	1.68e-28	124	67	455	94
NC_001224.1_RagTag	NC_001224.1	1.68e-28	124	67	322	94
NC_001224.1_RagTag	NC_001224.1	1.68e-28	124	67	288	94
NC_001224.1_RagTag	NC_001224.1	1.68e-28	124	67	422	94
NC_001224.1_RagTag	NC_001224.1	1.68e-28	124	67	411	94
NC_001224.1_RagTag	NC_001224.1	1.68e-28	124	67	371	94
NC_001224.1_RagTag	NC_001224.1	1.68e-28	124	67	443	94
NC_001224.1_RagTag	NC_001224.1	1.68e-28	124	67	388	94
NC_001224.1_RagTag	NC_001224.1	1.68e-28	124	67	374	94
NC_001224.1_RagTag	NC_001224.1	1.68e-28	124	67	268	94
NC_001224.1_RagTag	NC_001224.1	1.68e-28	124	67	368	94
NC_001224.1_RagTag	NC_001224.1	1.68e-28	124	67	575	94
NC_001224.1_RagTag	NC_001224.1	1.68e-28	124	67	167	94
NC_001224.1_RagTag	NC_001224.1	1.68e-28	124	67	405	94
NC_001224.1_RagTag	NC_001224.1	1.68e-28	124	67	153	94
NC_001224.1_RagTag	NC_001224.1	1.68e-28	124	67	170	94
NC_001224.1_RagTag	NC_001224.1	1.68e-28	124	67	81	94
NC_001224.1_RagTag	NC_001224.1	6.04e-28	122	66	163	94
NC_001224.1_RagTag	NC_001224.1	6.04e-28	122	66	142	94
NC_001224.1_RagTag	NC_001224.1	6.04e-28	122	66	316	94
NC_001224.1_RagTag	NC_001224.1	6.04e-28	122	66	262	94
NC_001224.1_RagTag	NC_001224.1	6.04e-28	122	66	220	94
NC_001224.1_RagTag	NC_001224.1	6.04e-28	122	66	629	94
NC_001224.1_RagTag	NC_001224.1	6.04e-28	122	66	174	94
NC_001224.1_RagTag	NC_001224.1	6.04e-28	122	66	201	94
NC_001224.1_RagTag	NC_001224.1	6.04e-28	122	66	444	94
NC_001224.1_RagTag	NC_001224.1	6.04e-28	122	66	201	94
NC_001224.1_RagTag	NC_001224.1	6.04e-28	122	66	268	94
NC_001224.1_RagTag	NC_001224.1	6.04e-28	122	66	324	94
NC_001224.1_RagTag	NC_001224.1	6.04e-28	122	66	157	94
NC_001224.1_RagTag	NC_001224.1	6.04e-28	122	66	273	94
NC_001224.1_RagTag	NC_001224.1	6.04e-28	122	66	238	94
NC_001224.1_RagTag	NC_001224.1	6.04e-28	122	66	206	94
NC_001224.1_RagTag	NC_001224.1	6.04e-28	122	66	334	94
NC_001224.1_RagTag	NC_001224.1	6.04e-28	122	66	372	94
NC_001224.1_RagTag	NC_001224.1	6.04e-28	122	66	203	94
NC_001224.1_RagTag	NC_001224.1	6.04e-28	122	66	202	94
NC_001224.1_RagTag	NC_001224.1	6.04e-28	122	66	380	94
NC_001224.1_RagTag	NC_001224.1	2.17e-27	121	65	322	94
NC_001224.1_RagTag	NC_001224.1	2.17e-27	121	65	143	94
NC_001224.1_RagTag	NC_001224.1	2.17e-27	121	65	209	94
NC_001224.1_RagTag	NC_001224.1	2.17e-27	121	65	297	94
NC_001224.1_RagTag	NC_001224.1	2.17e-27	121	65	420	94
NC_001224.1_RagTag	NC_001224.1	2.17e-27	121	65	385	94
NC_001224.1_RagTag	NC_001224.1	2.17e-27	121	65	358	94
NC_001224.1_RagTag	NC_001224.1	2.17e-27	121	65	142	94
NC_001224.1_RagTag	NC_001224.1	2.17e-27	121	65	165	94
NC_001224.1_RagTag	NC_001224.1	2.17e-27	121	65	259	94
NC_001224.1_RagTag	NC_001224.1	2.17e-27	121	65	178	94
NC_001224.1_RagTag	NC_001224.1	2.17e-27	121	65	258	94
NC_001224.1_RagTag	NC_001224.1	2.17e-27	121	65	435	94
NC_001224.1_RagTag	NC_001224.1	2.17e-27	121	65	378	94
NC_001224.1_RagTag	NC_001224.1	2.17e-27	121	65	276	94
NC_001224.1_RagTag	NC_001224.1	2.17e-27	121	65	135	94
NC_001224.1_RagTag	NC_001224.1	2.17e-27	121	65	201	94
NC_001224.1_RagTag	NC_001224.1	2.17e-27	121	65	165	94
NC_001224.1_RagTag	NC_001224.1	2.17e-27	121	65	299	94
NC_001224.1_RagTag	NC_001224.1	2.17e-27	121	65	170	94
NC_001224.1_RagTag	NC_001224.1	7.81e-27	119	64	421	94
NC_001224.1_RagTag	NC_001224.1	7.81e-27	119	64	428	94
NC_001224.1_RagTag	NC_001224.1	7.81e-27	119	64	244	94
NC_001224.1_RagTag	NC_001224.1	7.81e-27	119	64	172	94
NC_001224.1_RagTag	NC_001224.1	7.81e-27	119	64	437	94
NC_001224.1_RagTag	NC_001224.1	7.81e-27	119	64	193	94
NC_001224.1_RagTag	NC_001224.1	7.81e-27	119	64	103	94
NC_001224.1_RagTag	NC_001224.1	7.81e-27	119	64	136	94
NC_001224.1_RagTag	NC_001224.1	7.81e-27	119	64	188	94
NC_001224.1_RagTag	NC_001224.1	7.81e-27	119	64	473	94
NC_001224.1_RagTag	NC_001224.1	7.81e-27	119	64	471	94
NC_001224.1_RagTag	NC_001224.1	7.81e-27	119	64	403	94
NC_001224.1_RagTag	NC_001224.1	7.81e-27	119	64	244	94
NC_001224.1_RagTag	NC_001224.1	7.81e-27	119	64	624	94
NC_001224.1_RagTag	NC_001224.1	7.81e-27	119	64	176	94
NC_001224.1_RagTag	NC_001224.1	7.81e-27	119	64	182	94
NC_001224.1_RagTag	NC_001224.1	7.81e-27	119	64	166	94
NC_001224.1_RagTag	NC_001224.1	2.81e-26	117	63	190	94
NC_001224.1_RagTag	NC_001224.1	2.81e-26	117	63	179	94
NC_001224.1_RagTag	NC_001224.1	2.81e-26	117	63	493	94
NC_001224.1_RagTag	NC_001224.1	2.81e-26	117	63	229	94
NC_001224.1_RagTag	NC_001224.1	2.81e-26	117	63	420	94
NC_001224.1_RagTag	NC_001224.1	2.81e-26	117	63	127	94
NC_001224.1_RagTag	NC_001224.1	2.81e-26	117	63	430	94
NC_001224.1_RagTag	NC_001224.1	2.81e-26	117	63	438	94
NC_001224.1_RagTag	NC_001224.1	2.81e-26	117	63	187	94
NC_001224.1_RagTag	NC_001224.1	2.81e-26	117	63	110	94
NC_001224.1_RagTag	NC_001224.1	2.81e-26	117	63	128	94
NC_001224.1_RagTag	NC_001224.1	2.81e-26	117	63	250	94
NC_001224.1_RagTag	NC_001224.1	2.81e-26	117	63	310	94
NC_001224.1_RagTag	NC_001224.1	2.81e-26	117	63	187	94
NC_001224.1_RagTag	NC_001224.1	2.81e-26	117	63	110	94
NC_001224.1_RagTag	NC_001224.1	2.81e-26	117	63	190	94
NC_001224.1_RagTag	NC_001224.1	2.81e-26	117	63	354	94
NC_001224.1_RagTag	NC_001224.1	2.81e-26	117	63	148	94
NC_001224.1_RagTag	NC_001224.1	2.81e-26	117	63	143	94
NC_001224.1_RagTag	NC_001224.1	2.81e-26	117	63	208	94
NC_001224.1_RagTag	NC_001224.1	2.81e-26	117	63	234	94
NC_001224.1_RagTag	NC_001224.1	1.01e-25	115	62	229	94
NC_001224.1_RagTag	NC_001224.1	1.01e-25	115	62	131	94
NC_001224.1_RagTag	NC_001224.1	1.01e-25	115	62	427	94
NC_001224.1_RagTag	NC_001224.1	1.01e-25	115	62	163	94
NC_001224.1_RagTag	NC_001224.1	1.01e-25	115	62	75	94
NC_001224.1_RagTag	NC_001224.1	1.01e-25	115	62	139	94
NC_001224.1_RagTag	NC_001224.1	1.01e-25	115	62	205	94
NC_001224.1_RagTag	NC_001224.1	1.01e-25	115	62	158	94
NC_001224.1_RagTag	NC_001224.1	1.01e-25	115	62	148	94
NC_001224.1_RagTag	NC_001224.1	1.01e-25	115	62	214	94
NC_001224.1_RagTag	NC_001224.1	1.01e-25	115	62	208	94
NC_001224.1_RagTag	NC_001224.1	1.01e-25	115	62	280	94
NC_001224.1_RagTag	NC_001224.1	1.01e-25	115	62	158	94
NC_001224.1_RagTag	NC_001224.1	1.01e-25	115	62	204	94
NC_001224.1_RagTag	NC_001224.1	1.01e-25	115	62	199	94
NC_001224.1_RagTag	NC_001224.1	1.01e-25	115	62	179	94
NC_001224.1_RagTag	NC_001224.1	1.01e-25	115	62	211	94
NC_001224.1_RagTag	NC_001224.1	1.01e-25	115	62	442	94
NC_001224.1_RagTag	NC_001224.1	1.01e-25	115	62	149	94
NC_001224.1_RagTag	NC_001224.1	1.01e-25	115	62	200	94
NC_001224.1_RagTag	NC_001224.1	1.01e-25	115	62	330	94
NC_001224.1_RagTag	NC_001224.1	1.01e-25	115	62	200	94
NC_001224.1_RagTag	NC_001224.1	1.01e-25	115	62	372	94
NC_001224.1_RagTag	NC_001224.1	3.64e-25	113	61	185	94
NC_001224.1_RagTag	NC_001224.1	3.64e-25	113	61	431	94
NC_001224.1_RagTag	NC_001224.1	3.64e-25	113	61	263	94
NC_001224.1_RagTag	NC_001224.1	3.64e-25	113	61	275	94
NC_001224.1_RagTag	NC_001224.1	3.64e-25	113	61	216	94
NC_001224.1_RagTag	NC_001224.1	3.64e-25	113	61	372	94
NC_001224.1_RagTag	NC_001224.1	3.64e-25	113	61	224	94
NC_001224.1_RagTag	NC_001224.1	3.64e-25	113	61	172	94
NC_001224.1_RagTag	NC_001224.1	3.64e-25	113	61	520	94
NC_001224.1_RagTag	NC_001224.1	3.64e-25	113	61	81	94
NC_001224.1_RagTag	NC_001224.1	3.64e-25	113	61	153	94
NC_001224.1_RagTag	NC_001224.1	3.64e-25	113	61	296	94
NC_001224.1_RagTag	NC_001224.1	3.64e-25	113	61	412	94
NC_001224.1_RagTag	NC_001224.1	3.64e-25	113	61	359	94
NC_001224.1_RagTag	NC_001224.1	3.64e-25	113	61	354	94
NC_001224.1_RagTag	NC_001224.1	3.64e-25	113	61	391	94
NC_001224.1_RagTag	NC_001224.1	3.64e-25	113	61	224	94
NC_001224.1_RagTag	NC_001224.1	3.64e-25	113	61	307	94
NC_001224.1_RagTag	NC_001224.1	3.64e-25	113	61	258	94
NC_001224.1_RagTag	NC_001224.1	3.64e-25	113	61	228	94
NC_001224.1_RagTag	NC_001224.1	3.64e-25	113	61	250	94
NC_001224.1_RagTag	NC_001224.1	3.64e-25	113	61	472	94
NC_001224.1_RagTag	NC_001224.1	3.64e-25	113	61	172	94
NC_001224.1_RagTag	NC_001224.1	3.64e-25	113	61	184	94
NC_001224.1_RagTag	NC_001224.1	3.64e-25	113	61	232	94
NC_001224.1_RagTag	NC_001224.1	3.64e-25	113	61	119	94
NC_001224.1_RagTag	NC_001224.1	3.64e-25	113	61	220	94
NC_001224.1_RagTag	NC_001224.1	3.64e-25	113	61	204	94
NC_001224.1_RagTag	NC_001224.1	3.64e-25	113	61	207	94
NC_001224.1_RagTag	NC_001224.1	3.64e-25	113	61	137	94
NC_001224.1_RagTag	NC_001224.1	3.64e-25	113	61	148	94
NC_001224.1_RagTag	NC_001224.1	3.64e-25	113	61	283	94
NC_001224.1_RagTag	NC_001224.1	3.64e-25	113	61	180	94
NC_001224.1_RagTag	NC_001224.1	1.31e-24	111	60	63	94
NC_001224.1_RagTag	NC_001224.1	1.31e-24	111	60	74	94
NC_001224.1_RagTag	NC_001224.1	1.31e-24	111	60	210	94
NC_001224.1_RagTag	NC_001224.1	1.31e-24	111	60	204	94
NC_001224.1_RagTag	NC_001224.1	1.31e-24	111	60	445	94
NC_001224.1_RagTag	NC_001224.1	1.31e-24	111	60	99	94
NC_001224.1_RagTag	NC_001224.1	1.31e-24	111	60	111	94
NC_001224.1_RagTag	NC_001224.1	1.31e-24	111	60	240	94
NC_001224.1_RagTag	NC_001224.1	1.31e-24	111	60	71	94
NC_001224.1_RagTag	NC_001224.1	1.31e-24	111	60	496	94
NC_001224.1_RagTag	NC_001224.1	1.31e-24	111	60	153	94
NC_001224.1_RagTag	NC_001224.1	1.31e-24	111	60	142	94
NC_001224.1_RagTag	NC_001224.1	1.31e-24	111	60	128	94
NC_001224.1_RagTag	NC_001224.1	1.31e-24	111	60	99	94
NC_001224.1_RagTag	NC_001224.1	1.31e-24	111	60	267	94
NC_001224.1_RagTag	NC_001224.1	1.31e-24	111	60	108	94
NC_001224.1_RagTag	NC_001224.1	1.31e-24	111	60	251	94
NC_001224.1_RagTag	NC_001224.1	1.31e-24	111	60	227	94
NC_001224.1_RagTag	NC_001224.1	1.31e-24	111	60	103	94
NC_001224.1_RagTag	NC_001224.1	1.31e-24	111	60	421	94
NC_001224.1_RagTag	NC_001224.1	1.31e-24	111	60	250	94
NC_001224.1_RagTag	NC_001224.1	1.31e-24	111	60	325	94
NC_001224.1_RagTag	NC_001224.1	1.31e-24	111	60	194	94
NC_001224.1_RagTag	NC_001224.1	1.31e-24	111	60	149	94
NC_001224.1_RagTag	NC_001224.1	1.31e-24	111	60	141	94
NC_001224.1_RagTag	NC_001224.1	1.31e-24	111	60	97	94
NC_001224.1_RagTag	NC_001224.1	1.31e-24	111	60	106	94
NC_001224.1_RagTag	NC_001224.1	1.31e-24	111	60	207	94
NC_001224.1_RagTag	NC_001224.1	1.31e-24	111	60	164	94
NC_001224.1_RagTag	NC_001224.1	1.31e-24	111	60	270	94
NC_001224.1_RagTag	NC_001224.1	1.31e-24	111	60	201	94
NC_001224.1_RagTag	NC_001224.1	4.70e-24	110	59	539	94
NC_001224.1_RagTag	NC_001224.1	4.70e-24	110	59	269	94
NC_001224.1_RagTag	NC_001224.1	4.70e-24	110	59	213	94
NC_001224.1_RagTag	NC_001224.1	4.70e-24	110	59	415	94
NC_001224.1_RagTag	NC_001224.1	4.70e-24	110	59	171	94
NC_001224.1_RagTag	NC_001224.1	4.70e-24	110	59	161	94
NC_001224.1_RagTag	NC_001224.1	4.70e-24	110	59	194	94
NC_001224.1_RagTag	NC_001224.1	4.70e-24	110	59	113	94
NC_001224.1_RagTag	NC_001224.1	4.70e-24	110	59	279	94
NC_001224.1_RagTag	NC_001224.1	4.70e-24	110	59	189	94
NC_001224.1_RagTag	NC_001224.1	4.70e-24	110	59	216	94
NC_001224.1_RagTag	NC_001224.1	4.70e-24	110	59	441	94
NC_001224.1_RagTag	NC_001224.1	4.70e-24	110	59	161	94
NC_001224.1_RagTag	NC_001224.1	4.70e-24	110	59	335	94
NC_001224.1_RagTag	NC_001224.1	4.70e-24	110	59	104	94
NC_001224.1_RagTag	NC_001224.1	4.70e-24	110	59	223	94
NC_001224.1_RagTag	NC_001224.1	4.70e-24	110	59	101	94
NC_001224.1_RagTag	NC_001224.1	4.70e-24	110	59	251	94
NC_001224.1_RagTag	NC_001224.1	4.70e-24	110	59	484	94
NC_001224.1_RagTag	NC_001224.1	4.70e-24	110	59	103	94
NC_001224.1_RagTag	NC_001224.1	4.70e-24	110	59	352	94
NC_001224.1_RagTag	NC_001224.1	4.70e-24	110	59	146	94
NC_001224.1_RagTag	NC_001224.1	4.70e-24	110	59	117	94
NC_001224.1_RagTag	NC_001224.1	4.70e-24	110	59	173	94
NC_001224.1_RagTag	NC_001224.1	4.70e-24	110	59	189	94
NC_001224.1_RagTag	NC_001224.1	4.70e-24	110	59	171	94
NC_001224.1_RagTag	NC_001224.1	4.70e-24	110	59	343	94
NC_001224.1_RagTag	NC_001224.1	4.70e-24	110	59	176	94
NC_001224.1_RagTag	NC_001224.1	4.70e-24	110	59	216	94
NC_001224.1_RagTag	NC_001224.1	4.70e-24	110	59	198	94
NC_001224.1_RagTag	NC_001224.1	4.70e-24	110	59	203	94
NC_001224.1_RagTag	NC_001224.1	4.70e-24	110	59	237	94
NC_001224.1_RagTag	NC_001224.1	4.70e-24	110	59	304	94
NC_001224.1_RagTag	NC_001224.1	4.70e-24	110	59	155	94
NC_001224.1_RagTag	NC_001224.1	1.69e-23	108	58	673	94
NC_001224.1_RagTag	NC_001224.1	1.69e-23	108	58	164	94
NC_001224.1_RagTag	NC_001224.1	1.69e-23	108	58	122	94
NC_001224.1_RagTag	NC_001224.1	1.69e-23	108	58	141	94
NC_001224.1_RagTag	NC_001224.1	1.69e-23	108	58	147	94
NC_001224.1_RagTag	NC_001224.1	1.69e-23	108	58	360	94
NC_001224.1_RagTag	NC_001224.1	1.69e-23	108	58	218	94
NC_001224.1_RagTag	NC_001224.1	1.69e-23	108	58	334	94
NC_001224.1_RagTag	NC_001224.1	1.69e-23	108	58	178	94
NC_001224.1_RagTag	NC_001224.1	1.69e-23	108	58	98	94
NC_001224.1_RagTag	NC_001224.1	1.69e-23	108	58	128	94
NC_001224.1_RagTag	NC_001224.1	1.69e-23	108	58	189	94
NC_001224.1_RagTag	NC_001224.1	1.69e-23	108	58	285	94
NC_001224.1_RagTag	NC_001224.1	1.69e-23	108	58	71	94
NC_001224.1_RagTag	NC_001224.1	1.69e-23	108	58	164	94
NC_001224.1_RagTag	NC_001224.1	1.69e-23	108	58	331	94
NC_001224.1_RagTag	NC_001224.1	1.69e-23	108	58	91	94
NC_001224.1_RagTag	NC_001224.1	1.69e-23	108	58	115	94
NC_001224.1_RagTag	NC_001224.1	1.69e-23	108	58	172	94
NC_001224.1_RagTag	NC_001224.1	1.69e-23	108	58	470	94
NC_001224.1_RagTag	NC_001224.1	1.69e-23	108	58	213	94
NC_001224.1_RagTag	NC_001224.1	1.69e-23	108	58	185	94
NC_001224.1_RagTag	NC_001224.1	1.69e-23	108	58	109	94
NC_001224.1_RagTag	NC_001224.1	1.69e-23	108	58	228	94
NC_001224.1_RagTag	NC_001224.1	1.69e-23	108	58	103	94
NC_001224.1_RagTag	NC_001224.1	1.69e-23	108	58	95	94
NC_001224.1_RagTag	NC_001224.1	1.69e-23	108	58	505	94
NC_001224.1_RagTag	NC_001224.1	1.69e-23	108	58	237	94
NC_001224.1_RagTag	NC_001224.1	1.69e-23	108	58	110	94
NC_001224.1_RagTag	NC_001224.1	1.69e-23	108	58	126	94
NC_001224.1_RagTag	NC_001224.1	1.69e-23	108	58	107	94
NC_001224.1_RagTag	NC_001224.1	1.69e-23	108	58	77	94
NC_001224.1_RagTag	NC_001224.1	1.69e-23	108	58	223	94
NC_001224.1_RagTag	NC_001224.1	1.69e-23	108	58	232	94
NC_001224.1_RagTag	NC_001224.1	1.69e-23	108	58	99	94
NC_001224.1_RagTag	NC_001224.1	1.69e-23	108	58	141	94
NC_001224.1_RagTag	NC_001224.1	1.69e-23	108	58	152	94
NC_001224.1_RagTag	NC_001224.1	1.69e-23	108	58	155	94
NC_001224.1_RagTag	NC_001224.1	6.08e-23	106	57	235	94
NC_001224.1_RagTag	NC_001224.1	6.08e-23	106	57	182	94
NC_001224.1_RagTag	NC_001224.1	6.08e-23	106	57	351	94
NC_001224.1_RagTag	NC_001224.1	6.08e-23	106	57	109	94
NC_001224.1_RagTag	NC_001224.1	6.08e-23	106	57	555	94
NC_001224.1_RagTag	NC_001224.1	6.08e-23	106	57	127	94
NC_001224.1_RagTag	NC_001224.1	6.08e-23	106	57	507	94
NC_001224.1_RagTag	NC_001224.1	6.08e-23	106	57	96	94
NC_001224.1_RagTag	NC_001224.1	6.08e-23	106	57	76	94
NC_001224.1_RagTag	NC_001224.1	6.08e-23	106	57	120	94
NC_001224.1_RagTag	NC_001224.1	6.08e-23	106	57	120	94
NC_001224.1_RagTag	NC_001224.1	6.08e-23	106	57	89	94
NC_001224.1_RagTag	NC_001224.1	6.08e-23	106	57	108	94
NC_001224.1_RagTag	NC_001224.1	6.08e-23	106	57	160	94
NC_001224.1_RagTag	NC_001224.1	6.08e-23	106	57	329	94
NC_001224.1_RagTag	NC_001224.1	6.08e-23	106	57	235	94
NC_001224.1_RagTag	NC_001224.1	6.08e-23	106	57	170	94
NC_001224.1_RagTag	NC_001224.1	6.08e-23	106	57	147	94
NC_001224.1_RagTag	NC_001224.1	6.08e-23	106	57	162	94
NC_001224.1_RagTag	NC_001224.1	6.08e-23	106	57	100	94
NC_001224.1_RagTag	NC_001224.1	6.08e-23	106	57	183	94
NC_001224.1_RagTag	NC_001224.1	6.08e-23	106	57	163	94
NC_001224.1_RagTag	NC_001224.1	6.08e-23	106	57	159	94
NC_001224.1_RagTag	NC_001224.1	6.08e-23	106	57	71	94
NC_001224.1_RagTag	NC_001224.1	6.08e-23	106	57	146	94
NC_001224.1_RagTag	NC_001224.1	6.08e-23	106	57	166	94
NC_001224.1_RagTag	NC_001224.1	2.19e-22	104	56	122	94
NC_001224.1_RagTag	NC_001224.1	2.19e-22	104	56	144	94
NC_001224.1_RagTag	NC_001224.1	2.19e-22	104	56	128	94
NC_001224.1_RagTag	NC_001224.1	2.19e-22	104	56	172	94
NC_001224.1_RagTag	NC_001224.1	2.19e-22	104	56	98	94
NC_001224.1_RagTag	NC_001224.1	2.19e-22	104	56	106	94
NC_001224.1_RagTag	NC_001224.1	2.19e-22	104	56	509	94
NC_001224.1_RagTag	NC_001224.1	2.19e-22	104	56	80	94
NC_001224.1_RagTag	NC_001224.1	2.19e-22	104	56	183	94
NC_001224.1_RagTag	NC_001224.1	2.19e-22	104	56	122	94
NC_001224.1_RagTag	NC_001224.1	2.19e-22	104	56	138	94
NC_001224.1_RagTag	NC_001224.1	2.19e-22	104	56	109	94
NC_001224.1_RagTag	NC_001224.1	2.19e-22	104	56	338	94
NC_001224.1_RagTag	NC_001224.1	2.19e-22	104	56	252	94
NC_001224.1_RagTag	NC_001224.1	2.19e-22	104	56	111	94
NC_001224.1_RagTag	NC_001224.1	2.19e-22	104	56	98	94
NC_001224.1_RagTag	NC_001224.1	2.19e-22	104	56	66	94
NC_001224.1_RagTag	NC_001224.1	2.19e-22	104	56	66	94
NC_001224.1_RagTag	NC_001224.1	2.19e-22	104	56	154	94
NC_001224.1_RagTag	NC_001224.1	2.19e-22	104	56	221	94
NC_001224.1_RagTag	NC_001224.1	2.19e-22	104	56	240	94
NC_001224.1_RagTag	NC_001224.1	2.19e-22	104	56	186	94
NC_001224.1_RagTag	NC_001224.1	2.19e-22	104	56	353	94
NC_001224.1_RagTag	NC_001224.1	2.19e-22	104	56	457	94
NC_001224.1_RagTag	NC_001224.1	2.19e-22	104	56	283	94
NC_001224.1_RagTag	NC_001224.1	2.19e-22	104	56	172	94
NC_001224.1_RagTag	NC_001224.1	2.19e-22	104	56	178	94
NC_001224.1_RagTag	NC_001224.1	2.19e-22	104	56	105	94
NC_001224.1_RagTag	NC_001224.1	2.19e-22	104	56	108	94
NC_001224.1_RagTag	NC_001224.1	2.19e-22	104	56	241	94
NC_001224.1_RagTag	NC_001224.1	2.19e-22	104	56	147	94
NC_001224.1_RagTag	NC_001224.1	2.19e-22	104	56	110	94
NC_001224.1_RagTag	NC_001224.1	2.19e-22	104	56	235	94
NC_001224.1_RagTag	NC_001224.1	2.19e-22	104	56	101	94
NC_001224.1_RagTag	NC_001224.1	2.19e-22	104	56	134	94
NC_001224.1_RagTag	NC_001224.1	2.19e-22	104	56	191	94
NC_001224.1_RagTag	NC_001224.1	2.19e-22	104	56	115	94
NC_001224.1_RagTag	NC_001224.1	2.19e-22	104	56	253	94
NC_001224.1_RagTag	NC_001224.1	7.87e-22	102	55	170	94
NC_001224.1_RagTag	NC_001224.1	7.87e-22	102	55	177	94
NC_001224.1_RagTag	NC_001224.1	7.87e-22	102	55	243	94
NC_001224.1_RagTag	NC_001224.1	7.87e-22	102	55	211	94
NC_001224.1_RagTag	NC_001224.1	7.87e-22	102	55	133	94
NC_001224.1_RagTag	NC_001224.1	7.87e-22	102	55	338	94
NC_001224.1_RagTag	NC_001224.1	7.87e-22	102	55	68	94
NC_001224.1_RagTag	NC_001224.1	7.87e-22	102	55	426	94
NC_001224.1_RagTag	NC_001224.1	7.87e-22	102	55	138	94
NC_001224.1_RagTag	NC_001224.1	7.87e-22	102	55	128	94
NC_001224.1_RagTag	NC_001224.1	7.87e-22	102	55	263	94
NC_001224.1_RagTag	NC_001224.1	7.87e-22	102	55	110	94
NC_001224.1_RagTag	NC_001224.1	7.87e-22	102	55	198	94
NC_001224.1_RagTag	NC_001224.1	7.87e-22	102	55	71	94
NC_001224.1_RagTag	NC_001224.1	7.87e-22	102	55	61	94
NC_001224.1_RagTag	NC_001224.1	7.87e-22	102	55	89	94
NC_001224.1_RagTag	NC_001224.1	7.87e-22	102	55	247	94
NC_001224.1_RagTag	NC_001224.1	7.87e-22	102	55	162	94
NC_001224.1_RagTag	NC_001224.1	7.87e-22	102	55	107	94
NC_001224.1_RagTag	NC_001224.1	7.87e-22	102	55	74	94
NC_001224.1_RagTag	NC_001224.1	7.87e-22	102	55	165	94
NC_001224.1_RagTag	NC_001224.1	7.87e-22	102	55	94	94
NC_001224.1_RagTag	NC_001224.1	7.87e-22	102	55	241	94
NC_001224.1_RagTag	NC_001224.1	7.87e-22	102	55	179	94
NC_001224.1_RagTag	NC_001224.1	7.87e-22	102	55	77	94
NC_001224.1_RagTag	NC_001224.1	7.87e-22	102	55	109	94
NC_001224.1_RagTag	NC_001224.1	7.87e-22	102	55	88	94
NC_001224.1_RagTag	NC_001224.1	7.87e-22	102	55	248	94
NC_001224.1_RagTag	NC_001224.1	7.87e-22	102	55	211	94
NC_001224.1_RagTag	NC_001224.1	7.87e-22	102	55	191	94
NC_001224.1_RagTag	NC_001224.1	7.87e-22	102	55	85	94
NC_001224.1_RagTag	NC_001224.1	7.87e-22	102	55	118	94
NC_001224.1_RagTag	NC_001224.1	7.87e-22	102	55	74	94
NC_001224.1_RagTag	NC_001224.1	7.87e-22	102	55	225	94
NC_001224.1_RagTag	NC_001224.1	2.83e-21	100	54	166	94
NC_001224.1_RagTag	NC_001224.1	2.83e-21	100	54	108	94
NC_001224.1_RagTag	NC_001224.1	2.83e-21	100	54	83	94
NC_001224.1_RagTag	NC_001224.1	2.83e-21	100	54	68	94
NC_001224.1_RagTag	NC_001224.1	2.83e-21	100	54	268	94
NC_001224.1_RagTag	NC_001224.1	2.83e-21	100	54	89	94
NC_001224.1_RagTag	NC_001224.1	2.83e-21	100	54	112	94
NC_001224.1_RagTag	NC_001224.1	2.83e-21	100	54	106	94
NC_001224.1_RagTag	NC_001224.1	2.83e-21	100	54	68	94
NC_001224.1_RagTag	NC_001224.1	2.83e-21	100	54	70	94
NC_001224.1_RagTag	NC_001224.1	2.83e-21	100	54	209	94
NC_001224.1_RagTag	NC_001224.1	2.83e-21	100	54	103	94
NC_001224.1_RagTag	NC_001224.1	2.83e-21	100	54	341	94
NC_001224.1_RagTag	NC_001224.1	2.83e-21	100	54	266	94
NC_001224.1_RagTag	NC_001224.1	2.83e-21	100	54	233	94
NC_001224.1_RagTag	NC_001224.1	2.83e-21	100	54	133	94
NC_001224.1_RagTag	NC_001224.1	2.83e-21	100	54	102	94
NC_001224.1_RagTag	NC_001224.1	2.83e-21	100	54	173	94
NC_001224.1_RagTag	NC_001224.1	2.83e-21	100	54	135	94
NC_001224.1_RagTag	NC_001224.1	2.83e-21	100	54	183	94
NC_001224.1_RagTag	NC_001224.1	2.83e-21	100	54	89	94
NC_001224.1_RagTag	NC_001224.1	2.83e-21	100	54	68	94
NC_001224.1_RagTag	NC_001224.1	2.83e-21	100	54	200	94
NC_001224.1_RagTag	NC_001224.1	2.83e-21	100	54	403	94
NC_001224.1_RagTag	NC_001224.1	2.83e-21	100	54	79	94
NC_001224.1_RagTag	NC_001224.1	2.83e-21	100	54	507	94
NC_001224.1_RagTag	NC_001224.1	2.83e-21	100	54	73	94
NC_001224.1_RagTag	NC_001224.1	2.83e-21	100	54	216	94
NC_001224.1_RagTag	NC_001224.1	2.83e-21	100	54	133	94
NC_001224.1_RagTag	NC_001224.1	2.83e-21	100	54	153	94
NC_001224.1_RagTag	NC_001224.1	2.83e-21	100	54	60	94
NC_001224.1_RagTag	NC_001224.1	2.83e-21	100	54	352	94
NC_001224.1_RagTag	NC_001224.1	2.83e-21	100	54	87	94
NC_001224.1_RagTag	NC_001224.1	2.83e-21	100	54	131	94
NC_001224.1_RagTag	NC_001224.1	2.83e-21	100	54	71	94
NC_001224.1_RagTag	NC_001224.1	2.83e-21	100	54	106	94
NC_001224.1_RagTag	NC_001224.1	2.83e-21	100	54	110	94
NC_001224.1_RagTag	NC_001224.1	2.83e-21	100	54	81	94
NC_001224.1_RagTag	NC_001224.1	1.02e-20	99.0	53	193	94
NC_001224.1_RagTag	NC_001224.1	1.02e-20	99.0	53	134	94
NC_001224.1_RagTag	NC_001224.1	1.02e-20	99.0	53	69	94
NC_001224.1_RagTag	NC_001224.1	1.02e-20	99.0	53	116	94
NC_001224.1_RagTag	NC_001224.1	1.02e-20	99.0	53	86	94
NC_001224.1_RagTag	NC_001224.1	1.02e-20	99.0	53	164	94
NC_001224.1_RagTag	NC_001224.1	1.02e-20	99.0	53	235	94
NC_001224.1_RagTag	NC_001224.1	1.02e-20	99.0	53	147	94
NC_001224.1_RagTag	NC_001224.1	1.02e-20	99.0	53	109	94
NC_001224.1_RagTag	NC_001224.1	1.02e-20	99.0	53	115	94
NC_001224.1_RagTag	NC_001224.1	1.02e-20	99.0	53	73	94
NC_001224.1_RagTag	NC_001224.1	1.02e-20	99.0	53	75	94
NC_001224.1_RagTag	NC_001224.1	1.02e-20	99.0	53	207	94
NC_001224.1_RagTag	NC_001224.1	1.02e-20	99.0	53	172	94
NC_001224.1_RagTag	NC_001224.1	1.02e-20	99.0	53	137	94
NC_001224.1_RagTag	NC_001224.1	1.02e-20	99.0	53	109	94
NC_001224.1_RagTag	NC_001224.1	1.02e-20	99.0	53	115	94
NC_001224.1_RagTag	NC_001224.1	1.02e-20	99.0	53	173	94
NC_001224.1_RagTag	NC_001224.1	1.02e-20	99.0	53	194	94
NC_001224.1_RagTag	NC_001224.1	1.02e-20	99.0	53	253	94
NC_001224.1_RagTag	NC_001224.1	1.02e-20	99.0	53	227	94
NC_001224.1_RagTag	NC_001224.1	1.02e-20	99.0	53	111	94
NC_001224.1_RagTag	NC_001224.1	1.02e-20	99.0	53	82	94
NC_001224.1_RagTag	NC_001224.1	1.02e-20	99.0	53	236	94
NC_001224.1_RagTag	NC_001224.1	1.02e-20	99.0	53	117	94
NC_001224.1_RagTag	NC_001224.1	1.02e-20	99.0	53	183	94
NC_001224.1_RagTag	NC_001224.1	1.02e-20	99.0	53	116	94
NC_001224.1_RagTag	NC_001224.1	1.02e-20	99.0	53	103	94
NC_001224.1_RagTag	NC_001224.1	1.02e-20	99.0	53	96	94
NC_001224.1_RagTag	NC_001224.1	1.02e-20	99.0	53	275	94
NC_001224.1_RagTag	NC_001224.1	1.02e-20	99.0	53	105	94
NC_001224.1_RagTag	NC_001224.1	1.02e-20	99.0	53	442	94
NC_001224.1_RagTag	NC_001224.1	1.02e-20	99.0	53	205	94
NC_001224.1_RagTag	NC_001224.1	1.02e-20	99.0	53	56	94
NC_001224.1_RagTag	NC_001224.1	1.02e-20	99.0	53	104	94
NC_001224.1_RagTag	NC_001224.1	1.02e-20	99.0	53	82	94
NC_001224.1_RagTag	NC_001224.1	1.02e-20	99.0	53	119	94
NC_001224.1_RagTag	NC_001224.1	1.02e-20	99.0	53	76	94
NC_001224.1_RagTag	NC_001224.1	1.02e-20	99.0	53	73	94
NC_001224.1_RagTag	NC_001224.1	1.02e-20	99.0	53	75	94
NC_001224.1_RagTag	NC_001224.1	1.02e-20	99.0	53	119	94
NC_001224.1_RagTag	NC_001224.1	1.02e-20	99.0	53	162	94
NC_001224.1_RagTag	NC_001224.1	1.02e-20	99.0	53	154	94
NC_001224.1_RagTag	NC_001224.1	3.66e-20	97.1	52	94	94
NC_001224.1_RagTag	NC_001224.1	3.66e-20	97.1	52	246	94
NC_001224.1_RagTag	NC_001224.1	3.66e-20	97.1	52	101	94
NC_001224.1_RagTag	NC_001224.1	3.66e-20	97.1	52	81	94
NC_001224.1_RagTag	NC_001224.1	3.66e-20	97.1	52	237	94
NC_001224.1_RagTag	NC_001224.1	3.66e-20	97.1	52	70	94
NC_001224.1_RagTag	NC_001224.1	3.66e-20	97.1	52	55	94
NC_001224.1_RagTag	NC_001224.1	3.66e-20	97.1	52	141	94
NC_001224.1_RagTag	NC_001224.1	3.66e-20	97.1	52	212	94
NC_001224.1_RagTag	NC_001224.1	3.66e-20	97.1	52	68	94
NC_001224.1_RagTag	NC_001224.1	3.66e-20	97.1	52	163	94
NC_001224.1_RagTag	NC_001224.1	3.66e-20	97.1	52	136	94
NC_001224.1_RagTag	NC_001224.1	3.66e-20	97.1	52	215	94
NC_001224.1_RagTag	NC_001224.1	3.66e-20	97.1	52	158	94
NC_001224.1_RagTag	NC_001224.1	3.66e-20	97.1	52	89	94
NC_001224.1_RagTag	NC_001224.1	3.66e-20	97.1	52	82	94
NC_001224.1_RagTag	NC_001224.1	3.66e-20	97.1	52	119	94
NC_001224.1_RagTag	NC_001224.1	3.66e-20	97.1	52	62	94
NC_001224.1_RagTag	NC_001224.1	3.66e-20	97.1	52	146	94
NC_001224.1_RagTag	NC_001224.1	3.66e-20	97.1	52	211	94
NC_001224.1_RagTag	NC_001224.1	3.66e-20	97.1	52	142	94
NC_001224.1_RagTag	NC_001224.1	3.66e-20	97.1	52	104	94
NC_001224.1_RagTag	NC_001224.1	3.66e-20	97.1	52	169	94
NC_001224.1_RagTag	NC_001224.1	3.66e-20	97.1	52	153	94
NC_001224.1_RagTag	NC_001224.1	3.66e-20	97.1	52	128	94
NC_001224.1_RagTag	NC_001224.1	3.66e-20	97.1	52	343	94
NC_001224.1_RagTag	NC_001224.1	3.66e-20	97.1	52	97	94
NC_001224.1_RagTag	NC_001224.1	3.66e-20	97.1	52	94	94
NC_001224.1_RagTag	NC_001224.1	3.66e-20	97.1	52	198	94
NC_001224.1_RagTag	NC_001224.1	3.66e-20	97.1	52	196	94
NC_001224.1_RagTag	NC_001224.1	3.66e-20	97.1	52	139	94
NC_001224.1_RagTag	NC_001224.1	3.66e-20	97.1	52	111	94
NC_001224.1_RagTag	NC_001224.1	3.66e-20	97.1	52	437	94
NC_001224.1_RagTag	NC_001224.1	3.66e-20	97.1	52	259	94
NC_001224.1_RagTag	NC_001224.1	3.66e-20	97.1	52	81	94
NC_001224.1_RagTag	NC_001224.1	3.66e-20	97.1	52	149	94
NC_001224.1_RagTag	NC_001224.1	3.66e-20	97.1	52	94	94
NC_001224.1_RagTag	NC_001224.1	3.66e-20	97.1	52	75	94
NC_001224.1_RagTag	NC_001224.1	3.66e-20	97.1	52	137	94
NC_001224.1_RagTag	NC_001224.1	3.66e-20	97.1	52	150	94
NC_001224.1_RagTag	NC_001224.1	3.66e-20	97.1	52	75	94
NC_001224.1_RagTag	NC_001224.1	3.66e-20	97.1	52	74	94
NC_001224.1_RagTag	NC_001224.1	3.66e-20	97.1	52	68	94
NC_001224.1_RagTag	NC_001224.1	3.66e-20	97.1	52	101	94
NC_001224.1_RagTag	NC_001224.1	3.66e-20	97.1	52	141	94
NC_001224.1_RagTag	NC_001224.1	3.66e-20	97.1	52	82	94
NC_001224.1_RagTag	NC_001224.1	3.66e-20	97.1	52	95	94
NC_001224.1_RagTag	NC_001224.1	3.66e-20	97.1	52	78	94
NC_001224.1_RagTag	NC_001224.1	3.66e-20	97.1	52	160	94
NC_001224.1_RagTag	NC_001224.1	3.66e-20	97.1	52	69	94
NC_001224.1_RagTag	NC_001224.1	3.66e-20	97.1	52	78	94
NC_001224.1_RagTag	NC_001224.1	3.66e-20	97.1	52	130	94
NC_001224.1_RagTag	NC_001224.1	3.66e-20	97.1	52	114	94
NC_001224.1_RagTag	NC_001224.1	3.66e-20	97.1	52	108	94
NC_001224.1_RagTag	NC_001224.1	1.32e-19	95.3	51	394	94
NC_001224.1_RagTag	NC_001224.1	1.32e-19	95.3	51	237	94
NC_001224.1_RagTag	NC_001224.1	1.32e-19	95.3	51	241	94
NC_001224.1_RagTag	NC_001224.1	1.32e-19	95.3	51	219	94
NC_001224.1_RagTag	NC_001224.1	1.32e-19	95.3	51	136	94
NC_001224.1_RagTag	NC_001224.1	1.32e-19	95.3	51	95	94
NC_001224.1_RagTag	NC_001224.1	1.32e-19	95.3	51	336	94
NC_001224.1_RagTag	NC_001224.1	1.32e-19	95.3	51	377	94
NC_001224.1_RagTag	NC_001224.1	1.32e-19	95.3	51	103	94
NC_001224.1_RagTag	NC_001224.1	1.32e-19	95.3	51	83	94
NC_001224.1_RagTag	NC_001224.1	1.32e-19	95.3	51	85	94
NC_001224.1_RagTag	NC_001224.1	1.32e-19	95.3	51	118	94
NC_001224.1_RagTag	NC_001224.1	1.32e-19	95.3	51	123	94
NC_001224.1_RagTag	NC_001224.1	1.32e-19	95.3	51	134	94
NC_001224.1_RagTag	NC_001224.1	1.32e-19	95.3	51	86	94
NC_001224.1_RagTag	NC_001224.1	1.32e-19	95.3	51	103	94
NC_001224.1_RagTag	NC_001224.1	1.32e-19	95.3	51	154	94
NC_001224.1_RagTag	NC_001224.1	1.32e-19	95.3	51	163	94
NC_001224.1_RagTag	NC_001224.1	1.32e-19	95.3	51	158	94
NC_001224.1_RagTag	NC_001224.1	1.32e-19	95.3	51	84	94
NC_001224.1_RagTag	NC_001224.1	1.32e-19	95.3	51	781	94
NC_001224.1_RagTag	NC_001224.1	1.32e-19	95.3	51	86	94
NC_001224.1_RagTag	NC_001224.1	1.32e-19	95.3	51	158	94
NC_001224.1_RagTag	NC_001224.1	1.32e-19	95.3	51	116	94
NC_001224.1_RagTag	NC_001224.1	1.32e-19	95.3	51	103	94
NC_001224.1_RagTag	NC_001224.1	1.32e-19	95.3	51	90	94
NC_001224.1_RagTag	NC_001224.1	1.32e-19	95.3	51	68	94
NC_001224.1_RagTag	NC_001224.1	1.32e-19	95.3	51	61	94
NC_001224.1_RagTag	NC_001224.1	1.32e-19	95.3	51	133	94
NC_001224.1_RagTag	NC_001224.1	1.32e-19	95.3	51	87	94
NC_001224.1_RagTag	NC_001224.1	1.32e-19	95.3	51	95	94
NC_001224.1_RagTag	NC_001224.1	1.32e-19	95.3	51	127	94
NC_001224.1_RagTag	NC_001224.1	1.32e-19	95.3	51	316	94
NC_001224.1_RagTag	NC_001224.1	1.32e-19	95.3	51	74	94
NC_001224.1_RagTag	NC_001224.1	1.32e-19	95.3	51	90	94
NC_001224.1_RagTag	NC_001224.1	1.32e-19	95.3	51	200	94
NC_001224.1_RagTag	NC_001224.1	1.32e-19	95.3	51	81	94
NC_001224.1_RagTag	NC_001224.1	1.32e-19	95.3	51	67	94
NC_001224.1_RagTag	NC_001224.1	1.32e-19	95.3	51	80	94
NC_001224.1_RagTag	NC_001224.1	1.32e-19	95.3	51	72	94
NC_001224.1_RagTag	NC_001224.1	1.32e-19	95.3	51	144	94
NC_001224.1_RagTag	NC_001224.1	1.32e-19	95.3	51	81	94
NC_001224.1_RagTag	NC_001224.1	1.32e-19	95.3	51	77	94
NC_001224.1_RagTag	NC_001224.1	1.32e-19	95.3	51	58	94
NC_001224.1_RagTag	NC_001224.1	4.74e-19	93.5	50	151	94
NC_001224.1_RagTag	NC_001224.1	4.74e-19	93.5	50	109	94
NC_001224.1_RagTag	NC_001224.1	4.74e-19	93.5	50	107	94
NC_001224.1_RagTag	NC_001224.1	4.74e-19	93.5	50	90	94
NC_001224.1_RagTag	NC_001224.1	4.74e-19	93.5	50	66	94
NC_001224.1_RagTag	NC_001224.1	4.74e-19	93.5	50	116	94
NC_001224.1_RagTag	NC_001224.1	4.74e-19	93.5	50	83	94
NC_001224.1_RagTag	NC_001224.1	4.74e-19	93.5	50	53	94
NC_001224.1_RagTag	NC_001224.1	4.74e-19	93.5	50	365	94
NC_001224.1_RagTag	NC_001224.1	4.74e-19	93.5	50	129	94
NC_001224.1_RagTag	NC_001224.1	4.74e-19	93.5	50	77	94
NC_001224.1_RagTag	NC_001224.1	4.74e-19	93.5	50	127	94
NC_001224.1_RagTag	NC_001224.1	4.74e-19	93.5	50	109	94
NC_001224.1_RagTag	NC_001224.1	4.74e-19	93.5	50	82	94
NC_001224.1_RagTag	NC_001224.1	4.74e-19	93.5	50	580	94
NC_001224.1_RagTag	NC_001224.1	4.74e-19	93.5	50	238	94
NC_001224.1_RagTag	NC_001224.1	4.74e-19	93.5	50	75	94
NC_001224.1_RagTag	NC_001224.1	4.74e-19	93.5	50	80	94
NC_001224.1_RagTag	NC_001224.1	4.74e-19	93.5	50	224	94
NC_001224.1_RagTag	NC_001224.1	4.74e-19	93.5	50	239	94
NC_001224.1_RagTag	NC_001224.1	4.74e-19	93.5	50	294	94
NC_001224.1_RagTag	NC_001224.1	4.74e-19	93.5	50	80	94
NC_001224.1_RagTag	NC_001224.1	4.74e-19	93.5	50	102	94
NC_001224.1_RagTag	NC_001224.1	4.74e-19	93.5	50	66	94
NC_001224.1_RagTag	NC_001224.1	4.74e-19	93.5	50	88	94
NC_001224.1_RagTag	NC_001224.1	4.74e-19	93.5	50	282	94
NC_001224.1_RagTag	NC_001224.1	1.70e-18	91.6	49	116	94
NC_001224.1_RagTag	NC_001224.1	1.70e-18	91.6	49	98	94
NC_001224.1_RagTag	NC_001224.1	1.70e-18	91.6	49	232	94
NC_001224.1_RagTag	NC_001224.1	1.70e-18	91.6	49	62	94
NC_001224.1_RagTag	NC_001224.1	1.70e-18	91.6	49	110	94
NC_001224.1_RagTag	NC_001224.1	1.70e-18	91.6	49	71	94
NC_001224.1_RagTag	NC_001224.1	1.70e-18	91.6	49	68	94
NC_001224.1_RagTag	NC_001224.1	1.70e-18	91.6	49	87	94
NC_001224.1_RagTag	NC_001224.1	1.70e-18	91.6	49	90	94
NC_001224.1_RagTag	NC_001224.1	1.70e-18	91.6	49	264	94
NC_001224.1_RagTag	NC_001224.1	1.70e-18	91.6	49	133	94
NC_001224.1_RagTag	NC_001224.1	1.70e-18	91.6	49	117	94
NC_001224.1_RagTag	NC_001224.1	1.70e-18	91.6	49	137	94
NC_001224.1_RagTag	NC_001224.1	1.70e-18	91.6	49	75	94
NC_001224.1_RagTag	NC_001224.1	1.70e-18	91.6	49	383	94
NC_001224.1_RagTag	NC_001224.1	1.70e-18	91.6	49	250	94
NC_001224.1_RagTag	NC_001224.1	1.70e-18	91.6	49	111	94
NC_001224.1_RagTag	NC_001224.1	1.70e-18	91.6	49	97	94
NC_001224.1_RagTag	NC_001224.1	1.70e-18	91.6	49	119	94
NC_001224.1_RagTag	NC_001224.1	1.70e-18	91.6	49	116	94
NC_001224.1_RagTag	NC_001224.1	1.70e-18	91.6	49	90	94
NC_001224.1_RagTag	NC_001224.1	1.70e-18	91.6	49	94	94
NC_001224.1_RagTag	NC_001224.1	1.70e-18	91.6	49	78	94
NC_001224.1_RagTag	NC_001224.1	1.70e-18	91.6	49	107	94
NC_001224.1_RagTag	NC_001224.1	1.70e-18	91.6	49	106	94
NC_001224.1_RagTag	NC_001224.1	1.70e-18	91.6	49	104	94
NC_001224.1_RagTag	NC_001224.1	1.70e-18	91.6	49	62	94
NC_001224.1_RagTag	NC_001224.1	1.70e-18	91.6	49	80	94
NC_001224.1_RagTag	NC_001224.1	1.70e-18	91.6	49	554	94
NC_001224.1_RagTag	NC_001224.1	1.70e-18	91.6	49	116	94
NC_001224.1_RagTag	NC_001224.1	1.70e-18	91.6	49	107	94
NC_001224.1_RagTag	NC_001224.1	1.70e-18	91.6	49	91	94
NC_001224.1_RagTag	NC_001224.1	1.70e-18	91.6	49	87	94
NC_001224.1_RagTag	NC_001224.1	1.70e-18	91.6	49	84	94
NC_001224.1_RagTag	NC_001224.1	1.70e-18	91.6	49	74	94
NC_001224.1_RagTag	NC_001224.1	1.70e-18	91.6	49	107	94
NC_001224.1_RagTag	NC_001224.1	1.70e-18	91.6	49	245	94
NC_001224.1_RagTag	NC_001224.1	1.70e-18	91.6	49	200	94
NC_001224.1_RagTag	NC_001224.1	1.70e-18	91.6	49	142	94
NC_001224.1_RagTag	NC_001224.1	1.70e-18	91.6	49	102	94
NC_001224.1_RagTag	NC_001224.1	1.70e-18	91.6	49	123	94
NC_001224.1_RagTag	NC_001224.1	1.70e-18	91.6	49	87	94
NC_001224.1_RagTag	NC_001224.1	1.70e-18	91.6	49	69	94
NC_001224.1_RagTag	NC_001224.1	1.70e-18	91.6	49	78	94
NC_001224.1_RagTag	NC_001224.1	1.70e-18	91.6	49	78	94
NC_001224.1_RagTag	NC_001224.1	1.70e-18	91.6	49	72	94
NC_001224.1_RagTag	NC_001224.1	1.70e-18	91.6	49	114	94
NC_001224.1_RagTag	NC_001224.1	6.13e-18	89.8	48	123	94
NC_001224.1_RagTag	NC_001224.1	6.13e-18	89.8	48	218	94
NC_001224.1_RagTag	NC_001224.1	6.13e-18	89.8	48	174	94
NC_001224.1_RagTag	NC_001224.1	6.13e-18	89.8	48	93	94
NC_001224.1_RagTag	NC_001224.1	6.13e-18	89.8	48	148	94
NC_001224.1_RagTag	NC_001224.1	6.13e-18	89.8	48	353	94
NC_001224.1_RagTag	NC_001224.1	6.13e-18	89.8	48	148	94
NC_001224.1_RagTag	NC_001224.1	6.13e-18	89.8	48	85	94
NC_001224.1_RagTag	NC_001224.1	6.13e-18	89.8	48	102	94
NC_001224.1_RagTag	NC_001224.1	6.13e-18	89.8	48	116	94
NC_001224.1_RagTag	NC_001224.1	6.13e-18	89.8	48	77	94
NC_001224.1_RagTag	NC_001224.1	6.13e-18	89.8	48	269	94
NC_001224.1_RagTag	NC_001224.1	6.13e-18	89.8	48	112	94
NC_001224.1_RagTag	NC_001224.1	6.13e-18	89.8	48	120	94
NC_001224.1_RagTag	NC_001224.1	6.13e-18	89.8	48	136	94
NC_001224.1_RagTag	NC_001224.1	6.13e-18	89.8	48	48	94
NC_001224.1_RagTag	NC_001224.1	6.13e-18	89.8	48	153	94
NC_001224.1_RagTag	NC_001224.1	6.13e-18	89.8	48	323	94
NC_001224.1_RagTag	NC_001224.1	6.13e-18	89.8	48	153	94
NC_001224.1_RagTag	NC_001224.1	6.13e-18	89.8	48	108	94
NC_001224.1_RagTag	NC_001224.1	6.13e-18	89.8	48	99	94
NC_001224.1_RagTag	NC_001224.1	6.13e-18	89.8	48	136	94
NC_001224.1_RagTag	NC_001224.1	6.13e-18	89.8	48	74	94
NC_001224.1_RagTag	NC_001224.1	6.13e-18	89.8	48	86	94
NC_001224.1_RagTag	NC_001224.1	6.13e-18	89.8	48	155	94
NC_001224.1_RagTag	NC_001224.1	6.13e-18	89.8	48	154	94
NC_001224.1_RagTag	NC_001224.1	6.13e-18	89.8	48	98	94
NC_001224.1_RagTag	NC_001224.1	6.13e-18	89.8	48	75	94
NC_001224.1_RagTag	NC_001224.1	6.13e-18	89.8	48	103	94
NC_001224.1_RagTag	NC_001224.1	6.13e-18	89.8	48	55	94
NC_001224.1_RagTag	NC_001224.1	6.13e-18	89.8	48	123	94
NC_001224.1_RagTag	NC_001224.1	6.13e-18	89.8	48	120	94
NC_001224.1_RagTag	NC_001224.1	6.13e-18	89.8	48	191	94
NC_001224.1_RagTag	NC_001224.1	6.13e-18	89.8	48	116	94
NC_001224.1_RagTag	NC_001224.1	6.13e-18	89.8	48	153	94
NC_001224.1_RagTag	NC_001224.1	6.13e-18	89.8	48	74	94
NC_001224.1_RagTag	NC_001224.1	6.13e-18	89.8	48	122	94
NC_001224.1_RagTag	NC_001224.1	6.13e-18	89.8	48	121	94
NC_001224.1_RagTag	NC_001224.1	6.13e-18	89.8	48	64	94
NC_001224.1_RagTag	NC_001224.1	6.13e-18	89.8	48	54	94
NC_001224.1_RagTag	NC_001224.1	6.13e-18	89.8	48	212	94
NC_001224.1_RagTag	NC_001224.1	6.13e-18	89.8	48	99	94
NC_001224.1_RagTag	NC_001224.1	6.13e-18	89.8	48	62	94
NC_001224.1_RagTag	NC_001224.1	6.13e-18	89.8	48	239	94
NC_001224.1_RagTag	NC_001224.1	6.13e-18	89.8	48	67	94
NC_001224.1_RagTag	NC_001224.1	2.20e-17	87.9	47	87	94
NC_001224.1_RagTag	NC_001224.1	2.20e-17	87.9	47	80	94
NC_001224.1_RagTag	NC_001224.1	2.20e-17	87.9	47	88	94
NC_001224.1_RagTag	NC_001224.1	2.20e-17	87.9	47	61	94
NC_001224.1_RagTag	NC_001224.1	2.20e-17	87.9	47	224	94
NC_001224.1_RagTag	NC_001224.1	2.20e-17	87.9	47	98	94
NC_001224.1_RagTag	NC_001224.1	2.20e-17	87.9	47	88	94
NC_001224.1_RagTag	NC_001224.1	2.20e-17	87.9	47	140	94
NC_001224.1_RagTag	NC_001224.1	2.20e-17	87.9	47	134	94
NC_001224.1_RagTag	NC_001224.1	2.20e-17	87.9	47	99	94
NC_001224.1_RagTag	NC_001224.1	2.20e-17	87.9	47	96	94
NC_001224.1_RagTag	NC_001224.1	2.20e-17	87.9	47	66	94
NC_001224.1_RagTag	NC_001224.1	2.20e-17	87.9	47	258	94
NC_001224.1_RagTag	NC_001224.1	2.20e-17	87.9	47	122	94
NC_001224.1_RagTag	NC_001224.1	2.20e-17	87.9	47	102	94
NC_001224.1_RagTag	NC_001224.1	2.20e-17	87.9	47	101	94
NC_001224.1_RagTag	NC_001224.1	2.20e-17	87.9	47	117	94
NC_001224.1_RagTag	NC_001224.1	2.20e-17	87.9	47	53	94
NC_001224.1_RagTag	NC_001224.1	2.20e-17	87.9	47	67	94
NC_001224.1_RagTag	NC_001224.1	2.20e-17	87.9	47	88	94
NC_001224.1_RagTag	NC_001224.1	2.20e-17	87.9	47	63	94
NC_001224.1_RagTag	NC_001224.1	2.20e-17	87.9	47	99	94
NC_001224.1_RagTag	NC_001224.1	2.20e-17	87.9	47	73	94
NC_001224.1_RagTag	NC_001224.1	2.20e-17	87.9	47	100	94
NC_001224.1_RagTag	NC_001224.1	2.20e-17	87.9	47	92	94
NC_001224.1_RagTag	NC_001224.1	2.20e-17	87.9	47	67	94
NC_001224.1_RagTag	NC_001224.1	2.20e-17	87.9	47	86	94
NC_001224.1_RagTag	NC_001224.1	2.20e-17	87.9	47	254	94
NC_001224.1_RagTag	NC_001224.1	2.20e-17	87.9	47	149	94
NC_001224.1_RagTag	NC_001224.1	2.20e-17	87.9	47	99	94
NC_001224.1_RagTag	NC_001224.1	2.20e-17	87.9	47	78	94
NC_001224.1_RagTag	NC_001224.1	2.20e-17	87.9	47	86	94
NC_001224.1_RagTag	NC_001224.1	2.20e-17	87.9	47	63	94
NC_001224.1_RagTag	NC_001224.1	2.20e-17	87.9	47	63	94
NC_001224.1_RagTag	NC_001224.1	2.20e-17	87.9	47	287	94
NC_001224.1_RagTag	NC_001224.1	2.20e-17	87.9	47	112	94
NC_001224.1_RagTag	NC_001224.1	2.20e-17	87.9	47	87	94
NC_001224.1_RagTag	NC_001224.1	2.20e-17	87.9	47	127	94
NC_001224.1_RagTag	NC_001224.1	2.20e-17	87.9	47	70	94
NC_001224.1_RagTag	NC_001224.1	2.20e-17	87.9	47	247	94
NC_001224.1_RagTag	NC_001224.1	2.20e-17	87.9	47	82	94
NC_001224.1_RagTag	NC_001224.1	2.20e-17	87.9	47	76	94
NC_001224.1_RagTag	NC_001224.1	2.20e-17	87.9	47	127	94
NC_001224.1_RagTag	NC_001224.1	2.20e-17	87.9	47	51	94
NC_001224.1_RagTag	NC_001224.1	2.20e-17	87.9	47	76	94
NC_001224.1_RagTag	NC_001224.1	7.92e-17	86.1	46	233	94
NC_001224.1_RagTag	NC_001224.1	7.92e-17	86.1	46	81	94
NC_001224.1_RagTag	NC_001224.1	7.92e-17	86.1	46	75	94
NC_001224.1_RagTag	NC_001224.1	7.92e-17	86.1	46	52	94
NC_001224.1_RagTag	NC_001224.1	7.92e-17	86.1	46	482	94
NC_001224.1_RagTag	NC_001224.1	7.92e-17	86.1	46	66	94
NC_001224.1_RagTag	NC_001224.1	7.92e-17	86.1	46	124	94
NC_001224.1_RagTag	NC_001224.1	7.92e-17	86.1	46	124	94
NC_001224.1_RagTag	NC_001224.1	7.92e-17	86.1	46	59	94
NC_001224.1_RagTag	NC_001224.1	7.92e-17	86.1	46	84	94
NC_001224.1_RagTag	NC_001224.1	7.92e-17	86.1	46	100	94
NC_001224.1_RagTag	NC_001224.1	7.92e-17	86.1	46	110	94
NC_001224.1_RagTag	NC_001224.1	7.92e-17	86.1	46	100	94
NC_001224.1_RagTag	NC_001224.1	7.92e-17	86.1	46	78	94
NC_001224.1_RagTag	NC_001224.1	7.92e-17	86.1	46	53	94
NC_001224.1_RagTag	NC_001224.1	7.92e-17	86.1	46	118	94
NC_001224.1_RagTag	NC_001224.1	7.92e-17	86.1	46	81	94
NC_001224.1_RagTag	NC_001224.1	7.92e-17	86.1	46	64	94
NC_001224.1_RagTag	NC_001224.1	7.92e-17	86.1	46	83	94
NC_001224.1_RagTag	NC_001224.1	7.92e-17	86.1	46	225	94
NC_001224.1_RagTag	NC_001224.1	7.92e-17	86.1	46	64	94
NC_001224.1_RagTag	NC_001224.1	7.92e-17	86.1	46	134	94
NC_001224.1_RagTag	NC_001224.1	7.92e-17	86.1	46	240	94
NC_001224.1_RagTag	NC_001224.1	7.92e-17	86.1	46	85	94
NC_001224.1_RagTag	NC_001224.1	7.92e-17	86.1	46	206	94
NC_001224.1_RagTag	NC_001224.1	7.92e-17	86.1	46	225	94
NC_001224.1_RagTag	NC_001224.1	7.92e-17	86.1	46	239	94
NC_001224.1_RagTag	NC_001224.1	7.92e-17	86.1	46	71	94
NC_001224.1_RagTag	NC_001224.1	7.92e-17	86.1	46	223	94
NC_001224.1_RagTag	NC_001224.1	7.92e-17	86.1	46	85	94
NC_001224.1_RagTag	NC_001224.1	7.92e-17	86.1	46	65	94
NC_001224.1_RagTag	NC_001224.1	7.92e-17	86.1	46	137	94
NC_001224.1_RagTag	NC_001224.1	7.92e-17	86.1	46	67	94
NC_001224.1_RagTag	NC_001224.1	7.92e-17	86.1	46	63	94
NC_001224.1_RagTag	NC_001224.1	7.92e-17	86.1	46	64	94
NC_001224.1_RagTag	NC_001224.1	7.92e-17	86.1	46	59	94
NC_001224.1_RagTag	NC_001224.1	2.85e-16	84.2	45	110	94
NC_001224.1_RagTag	NC_001224.1	2.85e-16	84.2	45	116	94
NC_001224.1_RagTag	NC_001224.1	2.85e-16	84.2	45	48	94
NC_001224.1_RagTag	NC_001224.1	2.85e-16	84.2	45	119	94
NC_001224.1_RagTag	NC_001224.1	2.85e-16	84.2	45	83	94
NC_001224.1_RagTag	NC_001224.1	2.85e-16	84.2	45	84	94
NC_001224.1_RagTag	NC_001224.1	2.85e-16	84.2	45	81	94
NC_001224.1_RagTag	NC_001224.1	2.85e-16	84.2	45	77	94
NC_001224.1_RagTag	NC_001224.1	2.85e-16	84.2	45	121	94
NC_001224.1_RagTag	NC_001224.1	2.85e-16	84.2	45	81	94
NC_001224.1_RagTag	NC_001224.1	2.85e-16	84.2	45	84	94
NC_001224.1_RagTag	NC_001224.1	2.85e-16	84.2	45	208	94
NC_001224.1_RagTag	NC_001224.1	2.85e-16	84.2	45	93	94
NC_001224.1_RagTag	NC_001224.1	2.85e-16	84.2	45	111	94
NC_001224.1_RagTag	NC_001224.1	2.85e-16	84.2	45	58	94
NC_001224.1_RagTag	NC_001224.1	2.85e-16	84.2	45	45	94
NC_001224.1_RagTag	NC_001224.1	2.85e-16	84.2	45	148	94
NC_001224.1_RagTag	NC_001224.1	2.85e-16	84.2	45	77	94
NC_001224.1_RagTag	NC_001224.1	2.85e-16	84.2	45	201	94
NC_001224.1_RagTag	NC_001224.1	2.85e-16	84.2	45	121	94
NC_001224.1_RagTag	NC_001224.1	2.85e-16	84.2	45	84	94
NC_001224.1_RagTag	NC_001224.1	2.85e-16	84.2	45	82	94
NC_001224.1_RagTag	NC_001224.1	2.85e-16	84.2	45	71	94
NC_001224.1_RagTag	NC_001224.1	2.85e-16	84.2	45	69	94
NC_001224.1_RagTag	NC_001224.1	2.85e-16	84.2	45	196	94
NC_001224.1_RagTag	NC_001224.1	2.85e-16	84.2	45	138	94
NC_001224.1_RagTag	NC_001224.1	2.85e-16	84.2	45	76	94
NC_001224.1_RagTag	NC_001224.1	2.85e-16	84.2	45	143	94
NC_001224.1_RagTag	NC_001224.1	2.85e-16	84.2	45	55	94
NC_001224.1_RagTag	NC_001224.1	2.85e-16	84.2	45	59	94
NC_001224.1_RagTag	NC_001224.1	2.85e-16	84.2	45	88	94
NC_001224.1_RagTag	NC_001224.1	2.85e-16	84.2	45	208	94
NC_001224.1_RagTag	NC_001224.1	2.85e-16	84.2	45	200	94
NC_001224.1_RagTag	NC_001224.1	2.85e-16	84.2	45	74	94
NC_001224.1_RagTag	NC_001224.1	2.85e-16	84.2	45	58	94
NC_001224.1_RagTag	NC_001224.1	2.85e-16	84.2	45	121	94
NC_001224.1_RagTag	NC_001224.1	2.85e-16	84.2	45	86	94
NC_001224.1_RagTag	NC_001224.1	1.03e-15	82.4	44	67	94
NC_001224.1_RagTag	NC_001224.1	1.03e-15	82.4	44	47	94
NC_001224.1_RagTag	NC_001224.1	1.03e-15	82.4	44	47	94
NC_001224.1_RagTag	NC_001224.1	1.03e-15	82.4	44	147	94
NC_001224.1_RagTag	NC_001224.1	1.03e-15	82.4	44	350	94
NC_001224.1_RagTag	NC_001224.1	1.03e-15	82.4	44	70	94
NC_001224.1_RagTag	NC_001224.1	1.03e-15	82.4	44	57	94
NC_001224.1_RagTag	NC_001224.1	1.03e-15	82.4	44	63	94
NC_001224.1_RagTag	NC_001224.1	1.03e-15	82.4	44	350	94
NC_001224.1_RagTag	NC_001224.1	1.03e-15	82.4	44	58	94
NC_001224.1_RagTag	NC_001224.1	1.03e-15	82.4	44	51	94
NC_001224.1_RagTag	NC_001224.1	1.03e-15	82.4	44	60	94
NC_001224.1_RagTag	NC_001224.1	1.03e-15	82.4	44	99	94
NC_001224.1_RagTag	NC_001224.1	1.03e-15	82.4	44	190	94
NC_001224.1_RagTag	NC_001224.1	1.03e-15	82.4	44	140	94
NC_001224.1_RagTag	NC_001224.1	1.03e-15	82.4	44	126	94
NC_001224.1_RagTag	NC_001224.1	1.03e-15	82.4	44	137	94
NC_001224.1_RagTag	NC_001224.1	1.03e-15	82.4	44	78	94
NC_001224.1_RagTag	NC_001224.1	1.03e-15	82.4	44	54	94
NC_001224.1_RagTag	NC_001224.1	1.03e-15	82.4	44	91	94
NC_001224.1_RagTag	NC_001224.1	1.03e-15	82.4	44	82	94
NC_001224.1_RagTag	NC_001224.1	1.03e-15	82.4	44	47	94
NC_001224.1_RagTag	NC_001224.1	1.03e-15	82.4	44	53	94
NC_001224.1_RagTag	NC_001224.1	1.03e-15	82.4	44	116	94
NC_001224.1_RagTag	NC_001224.1	1.03e-15	82.4	44	76	94
NC_001224.1_RagTag	NC_001224.1	1.03e-15	82.4	44	562	94
NC_001224.1_RagTag	NC_001224.1	1.03e-15	82.4	44	63	94
NC_001224.1_RagTag	NC_001224.1	1.03e-15	82.4	44	70	94
NC_001224.1_RagTag	NC_001224.1	1.03e-15	82.4	44	64	94
NC_001224.1_RagTag	NC_001224.1	1.03e-15	82.4	44	61	94
NC_001224.1_RagTag	NC_001224.1	1.03e-15	82.4	44	44	94
NC_001224.1_RagTag	NC_001224.1	3.69e-15	80.5	43	110	94
NC_001224.1_RagTag	NC_001224.1	3.69e-15	80.5	43	83	94
NC_001224.1_RagTag	NC_001224.1	3.69e-15	80.5	43	65	94
NC_001224.1_RagTag	NC_001224.1	3.69e-15	80.5	43	114	94
NC_001224.1_RagTag	NC_001224.1	3.69e-15	80.5	43	60	94
NC_001224.1_RagTag	NC_001224.1	3.69e-15	80.5	43	63	94
NC_001224.1_RagTag	NC_001224.1	3.69e-15	80.5	43	134	94
NC_001224.1_RagTag	NC_001224.1	3.69e-15	80.5	43	144	94
NC_001224.1_RagTag	NC_001224.1	3.69e-15	80.5	43	104	94
NC_001224.1_RagTag	NC_001224.1	3.69e-15	80.5	43	498	94
NC_001224.1_RagTag	NC_001224.1	3.69e-15	80.5	43	118	94
NC_001224.1_RagTag	NC_001224.1	3.69e-15	80.5	43	92	94
NC_001224.1_RagTag	NC_001224.1	3.69e-15	80.5	43	61	94
NC_001224.1_RagTag	NC_001224.1	3.69e-15	80.5	43	174	94
NC_001224.1_RagTag	NC_001224.1	3.69e-15	80.5	43	49	94
NC_001224.1_RagTag	NC_001224.1	3.69e-15	80.5	43	53	94
NC_001224.1_RagTag	NC_001224.1	3.69e-15	80.5	43	85	94
NC_001224.1_RagTag	NC_001224.1	3.69e-15	80.5	43	79	94
NC_001224.1_RagTag	NC_001224.1	3.69e-15	80.5	43	58	94
NC_001224.1_RagTag	NC_001224.1	3.69e-15	80.5	43	198	94
NC_001224.1_RagTag	NC_001224.1	3.69e-15	80.5	43	72	94
NC_001224.1_RagTag	NC_001224.1	3.69e-15	80.5	43	72	94
NC_001224.1_RagTag	NC_001224.1	1.33e-14	78.7	42	110	94
NC_001224.1_RagTag	NC_001224.1	1.33e-14	78.7	42	42	94
NC_001224.1_RagTag	NC_001224.1	1.33e-14	78.7	42	71	94
NC_001224.1_RagTag	NC_001224.1	1.33e-14	78.7	42	62	94
NC_001224.1_RagTag	NC_001224.1	1.33e-14	78.7	42	58	94
NC_001224.1_RagTag	NC_001224.1	1.33e-14	78.7	42	59	94
NC_001224.1_RagTag	NC_001224.1	1.33e-14	78.7	42	52	94
NC_001224.1_RagTag	NC_001224.1	1.33e-14	78.7	42	52	94
NC_001224.1_RagTag	NC_001224.1	1.33e-14	78.7	42	121	94
NC_001224.1_RagTag	NC_001224.1	1.33e-14	78.7	42	77	94
NC_001224.1_RagTag	NC_001224.1	1.33e-14	78.7	42	58	94
NC_001224.1_RagTag	NC_001224.1	1.33e-14	78.7	42	121	94
NC_001224.1_RagTag	NC_001224.1	1.33e-14	78.7	42	68	94
NC_001224.1_RagTag	NC_001224.1	1.33e-14	78.7	42	68	94
NC_001224.1_RagTag	NC_001224.1	1.33e-14	78.7	42	42	94
NC_001224.1_RagTag	NC_001224.1	1.33e-14	78.7	42	74	94
NC_001224.1_RagTag	NC_001224.1	1.33e-14	78.7	42	116	94
NC_001224.1_RagTag	NC_001224.1	1.33e-14	78.7	42	143	94
NC_001224.1_RagTag	NC_001224.1	1.33e-14	78.7	42	68	94
NC_001224.1_RagTag	NC_001224.1	1.33e-14	78.7	42	59	94
NC_001224.1_RagTag	NC_001224.1	1.33e-14	78.7	42	68	94
NC_001224.1_RagTag	NC_001224.1	1.33e-14	78.7	42	66	94
NC_001224.1_RagTag	NC_001224.1	1.33e-14	78.7	42	42	94
NC_001224.1_RagTag	NC_001224.1	1.33e-14	78.7	42	42	94
NC_001224.1_RagTag	NC_001224.1	1.33e-14	78.7	42	46	94
NC_001224.1_RagTag	NC_001224.1	1.33e-14	78.7	42	73	94
NC_001224.1_RagTag	NC_001224.1	1.33e-14	78.7	42	73	94
NC_001224.1_RagTag	NC_001224.1	1.33e-14	78.7	42	46	94
NC_001224.1_RagTag	NC_001224.1	4.77e-14	76.8	41	54	94
NC_001224.1_RagTag	NC_001224.1	4.77e-14	76.8	41	144	94
NC_001224.1_RagTag	NC_001224.1	4.77e-14	76.8	41	44	94
NC_001224.1_RagTag	NC_001224.1	4.77e-14	76.8	41	44	94
NC_001224.1_RagTag	NC_001224.1	4.77e-14	76.8	41	100	94
NC_001224.1_RagTag	NC_001224.1	4.77e-14	76.8	41	48	94
NC_001224.1_RagTag	NC_001224.1	4.77e-14	76.8	41	115	94
NC_001224.1_RagTag	NC_001224.1	4.77e-14	76.8	41	131	94
NC_001224.1_RagTag	NC_001224.1	4.77e-14	76.8	41	105	94
NC_001224.1_RagTag	NC_001224.1	4.77e-14	76.8	41	71	94
NC_001224.1_RagTag	NC_001224.1	4.77e-14	76.8	41	41	94
NC_001224.1_RagTag	NC_001224.1	4.77e-14	76.8	41	112	94
NC_001224.1_RagTag	NC_001224.1	4.77e-14	76.8	41	78	94
NC_001224.1_RagTag	NC_001224.1	4.77e-14	76.8	41	144	94
NC_001224.1_RagTag	NC_001224.1	4.77e-14	76.8	41	41	94
NC_001224.1_RagTag	NC_001224.1	4.77e-14	76.8	41	41	94
NC_001224.1_RagTag	NC_001224.1	4.77e-14	76.8	41	67	94
NC_001224.1_RagTag	NC_001224.1	4.77e-14	76.8	41	67	94
NC_001224.1_RagTag	NC_001224.1	4.77e-14	76.8	41	66	94
NC_001224.1_RagTag	NC_001224.1	4.77e-14	76.8	41	57	94
NC_001224.1_RagTag	NC_001224.1	4.77e-14	76.8	41	131	94
NC_001224.1_RagTag	NC_001224.1	4.77e-14	76.8	41	114	94
NC_001224.1_RagTag	NC_001224.1	4.77e-14	76.8	41	277	94
NC_001224.1_RagTag	NC_001224.1	4.77e-14	76.8	41	77	94
NC_001224.1_RagTag	NC_001224.1	4.77e-14	76.8	41	82	94
NC_001224.1_RagTag	NC_001224.1	4.77e-14	76.8	41	62	94
NC_001224.1_RagTag	NC_001224.1	4.77e-14	76.8	41	62	94
NC_001224.1_RagTag	NC_001224.1	4.77e-14	76.8	41	62	94
NC_001224.1_RagTag	NC_001224.1	1.72e-13	75.0	40	47	94
NC_001224.1_RagTag	NC_001224.1	1.72e-13	75.0	40	243	94
NC_001224.1_RagTag	NC_001224.1	1.72e-13	75.0	40	46	94
NC_001224.1_RagTag	NC_001224.1	1.72e-13	75.0	40	75	94
NC_001224.1_RagTag	NC_001224.1	1.72e-13	75.0	40	109	94
NC_001224.1_RagTag	NC_001224.1	1.72e-13	75.0	40	75	94
NC_001224.1_RagTag	NC_001224.1	1.72e-13	75.0	40	74	94
NC_001224.1_RagTag	NC_001224.1	1.72e-13	75.0	40	50	94
NC_001224.1_RagTag	NC_001224.1	1.72e-13	75.0	40	91	94
NC_001224.1_RagTag	NC_001224.1	1.72e-13	75.0	40	63	94
NC_001224.1_RagTag	NC_001224.1	6.17e-13	73.1	39	110	94
NC_001224.1_RagTag	NC_001224.1	6.17e-13	73.1	39	84	94
NC_001224.1_RagTag	NC_001224.1	6.17e-13	73.1	39	42	94
NC_001224.1_RagTag	NC_001224.1	6.17e-13	73.1	39	78	94
NC_001224.1_RagTag	NC_001224.1	6.17e-13	73.1	39	71	94
NC_001224.1_RagTag	NC_001224.1	6.17e-13	73.1	39	49	94
NC_001224.1_RagTag	NC_001224.1	6.17e-13	73.1	39	42	94
NC_001224.1_RagTag	NC_001224.1	6.17e-13	73.1	39	151	94
NC_001224.1_RagTag	NC_001224.1	6.17e-13	73.1	39	42	94
NC_001224.1_RagTag	NC_001224.1	6.17e-13	73.1	39	77	94
NC_001224.1_RagTag	NC_001224.1	6.17e-13	73.1	39	69	94
NC_001224.1_RagTag	NC_001224.1	6.17e-13	73.1	39	46	94
NC_001224.1_RagTag	NC_001224.1	2.22e-12	71.3	38	54	94
NC_001224.1_RagTag	NC_001224.1	2.22e-12	71.3	38	79	94
NC_001224.1_RagTag	NC_001224.1	2.22e-12	71.3	38	69	94
NC_001224.1_RagTag	NC_001224.1	2.22e-12	71.3	38	56	94
NC_001224.1_RagTag	NC_001224.1	2.22e-12	71.3	38	76	94
NC_001224.1_RagTag	NC_001224.1	2.22e-12	71.3	38	45	94
NC_001224.1_RagTag	NC_001224.1	2.22e-12	71.3	38	54	94
NC_001224.1_RagTag	NC_001224.1	2.22e-12	71.3	38	44	94
NC_001224.1_RagTag	NC_001224.1	7.98e-12	69.4	37	63	94
NC_001224.1_RagTag	NC_001224.1	7.98e-12	69.4	37	92	94
NC_001224.1_RagTag	NC_001224.1	7.98e-12	69.4	37	59	94
NC_001224.1_RagTag	NC_001224.1	2.87e-11	67.6	36	62	94
NC_001224.1_RagTag	NC_001224.1	2.87e-11	67.6	36	65	94
NC_001224.1_RagTag	NC_001224.1	2.87e-11	67.6	36	43	94
NC_001224.1_RagTag	NC_001224.1	2.87e-11	67.6	36	77	94
NC_001224.1_RagTag	NC_001224.1	2.87e-11	67.6	36	42	94
NC_001224.1_RagTag	NC_001224.1	2.87e-11	67.6	36	58	94
NC_001224.1_RagTag	NC_001224.1	1.03e-10	65.8	35	55	94
NC_001224.1_RagTag	NC_001224.1	1.03e-10	65.8	35	74	94
NC_001224.1_RagTag	NC_001224.1	1.03e-10	65.8	35	38	94
NC_001224.1_RagTag	NC_001224.1	1.03e-10	65.8	35	38	94
NC_001224.1_RagTag	NC_001224.1	1.03e-10	65.8	35	38	94
NC_001224.1_RagTag	NC_001224.1	1.03e-10	65.8	35	68	94
NC_001224.1_RagTag	NC_001224.1	1.03e-10	65.8	35	75	94
NC_001224.1_RagTag	NC_001224.1	1.03e-10	65.8	35	63	94
NC_001224.1_RagTag	NC_001224.1	3.71e-10	63.9	34	59	94
NC_001224.1_RagTag	NC_001224.1	3.71e-10	63.9	34	53	94
NC_001224.1_RagTag	NC_001224.1	1.34e-09	62.1	33	43	94
NC_001224.1_RagTag	NC_001224.1	4.80e-09	60.2	32	51	94
NC_001224.1_RagTag	NC_001224.1	1.73e-08	58.4	31	31	94
NC_001224.1_RagTag	NC_001224.1	6.21e-08	56.5	30	30	94
NC_001224.1_RagTag	NC_001224.1	6.21e-08	56.5	30	39	94
